"example_id","frame_id","english","georgian","context","usage_tip"
"101","identity_state","I am a student.","მე სტუდენტი ვარ.","Introductions.","'ვარ' matches 'მე'."
"102","identity_state","You are brave.","შენ მამაცი ხარ.","Compliment.","'ხარ' matches 'შენ'."
"103","identity_state","He is a doctor.","ის ექიმია.","Identity.","'არის' is shortened to '-ა'."
"104","identity_state","We are ready.","ჩვენ მზად ვართ.","Status.","'ვართ' matches 'ჩვენ'."
"105","identity_state","You guys are Georgians.","თქვენ ქართველები ხართ.","Identity.","'ხართ' is the plural/formal 'you'."
"106","identity_state","They are tired.","ისინი დაღლილები არიან.","Status.","'არიან' matches 'ისინი'."
"107","identity_state","Giorgi is kind.","გიორგი კეთილია.","Opinion.","Shortened '-ა' attached to 'კეთილი'."
"108","identity_state","Of course, you are right.","რა თქმა უნდა, მართალი ხარ.","Agreement.","'რა თქმა უნდა' means 'of course'."
"109","identity_state","This is very important.","ეს ძალიან მნიშვნელოვანია.","Emphasis.","'ძალიან' means 'very'."
"110","identity_state","It's not like that.","ეს ასე არ არის.","Clarification.","'არ არის' is 'is not'."
"111","identity_state","I am sick.","ცუდად ვარ.","Health.","'ცუდად' is the adverb for 'badly/sick'."
"112","identity_state","Everything is okay.","ყველაფერი რიგზეა.","Reassurance.","'რიგზეა' means 'in order'."
"201","location_state","I am in Tbilisi.","მე თბილისში ვარ.","Location.","'-ში' suffix means 'in'."
"202","location_state","You are in the house.","შენ სახლში ხარ.","Location.","'სახლი' drops 'ი' before '-ში'."
"203","location_state","She is in the shop.","ის მაღაზიაშია.","Location.","Location marker + shortened 'is'."
"204","location_state","We are in the park.","ჩვენ პარკში ვართ.","Location.","'პარკი' drops 'ი' before '-ში'."
"205","location_state","You guys are in the hotel.","თქვენ სასტუმროში ხართ.","Location.","'სასტუმრო' means hotel."
"206","location_state","They are in the garden.","ისინი ბაღში არიან.","Location.","'ბაღი' drops 'ი' before '-ში'."
"207","location_state","Mom is in the kitchen.","დედა სამზარეულოშია.","Location.","'სამზარეულო' means kitchen."
"208","location_state","The book is on the table.","წიგნი მაგიდაზეა.","Location.","'-ზე' suffix means 'on'."
"209","location_state","Where is it?","სად არის?","Question.","'სად' means 'where'."
"210","location_state","Stop here, please.","აქ გააჩერეთ, თუ შეიძლება.","Taxi.","'აქ' means 'here'."
"211","location_state","I am at work.","სამსახურში ვარ.","Location.","'სამსახური' means work/job."
"212","location_state","There is no space.","ადგილი არ არის.","Status.","'ადგილი' means place/space."
"301","desire_present","I want water.","მე წყალი მინდა.","Desire.","Dative pattern (Pattern C)."
"302","desire_present","You want khinkali.","შენ ხინკალი გინდა.","Ordering.","'გინდა' matches 'შენ'."
"303","desire_present","He wants coffee.","მას ყავა უნდა.","Desire.","'ის' becomes 'მას'."
"304","desire_present","We want rest.","ჩვენ დასვენება გვინდა.","Need.","'გვინდა' matches 'ჩვენ'."
"305","desire_present","What do you guys want?","თქვენ რა გინდათ?","Question.","'გინდათ' is plural 'you'."
"306","desire_present","They want help.","მათ დახმარება უნდათ.","Need.","'ისინი' becomes 'მათ'."
"307","desire_present","Luka wants ice cream.","ლუკას ნაყინი უნდა.","Desire.","Names take the '-ს' ending."
"308","desire_present","Of course, I want it.","რა თქმა უნდა, მინდა.","Emphasis.","'მინდა' can stand alone."
"309","desire_present","I don't want it.","არ მინდა.","Declining.","'არ' means 'not'."
"310","desire_present","As you wish.","როგორც გინდა.","Idiom.","Literal: 'As you want'."
"311","desire_present","I want more and more.","სულ უფრო მეტი მინდა.","Emphasis.","'სულ უფრო' means 'more and more'."
"312","desire_present","I can't wait.","ერთი სული მაქვს.","Idiom.","Literal: 'I have one soul'."
"401","possession_inanimate","I have a car.","მე მანქანა მაქვს.","Possession.","'მაქვს' for objects."
"402","possession_inanimate","You have a key.","შენ გასაღები გაქვს.","Possession.","'გაქვს' matches 'შენ'."
"403","possession_inanimate","He has a phone.","მას ტელეფონი აქვს.","Possession.","'აქვს' matches 'მას'."
"404","possession_inanimate","We have a plan.","ჩვენ გეგმა გვაქვს.","Possession.","'გვაქვს' matches 'ჩვენ'."
"405","possession_inanimate","Do you guys have a question?","თქვენ კითხვა გაქვთ?","Question.","'გაქვთ' is plural 'you'."
"406","possession_inanimate","They have books.","მათ წიგნები აქვთ.","Possession.","'აქვთ' matches 'მათ'."
"407","possession_inanimate","Mariam has a new job.","მარიამს ახალი სამსახური აქვს.","Possession.","Names take the '-ს' ending."
"408","possession_inanimate","It makes no sense.","აზრი არ აქვს.","Idiom.","'აზრი' means 'sense/thought'."
"409","possession_inanimate","I hope so.","იმედი მაქვს.","Idiom.","'იმედი' means 'hope'."
"410","possession_inanimate","Do you have time?","დრო გაქვს?","Question.","'დრო' means 'time'."
"411","possession_inanimate","It doesn't matter.","მნიშვნელობა არ აქვს.","Idiom.","'მნიშვნელობა' means 'importance'."
"412","possession_inanimate","It has no connection.","არანაირი კავშირი არ აქვს.","Idiom.","'კავშირი' means 'connection'."
"501","motion_away_present","I am going to Batumi.","მე ბათუმში მივდივარ.","Motion.","'მი-' prefix is 'away'."
"502","motion_away_present","You are going to work.","შენ სამსახურში მიდიხარ.","Motion.","'მიდიხარ' matches 'შენ'."
"503","motion_away_present","She is going to the pharmacy.","ის აფთიაქში მიდის.","Motion.","'მიდის' matches 'ის'."
"504","motion_away_present","We are going to the cinema.","ჩვენ კინოში მივდივართ.","Motion.","'მივდივართ' matches 'ჩვენ'."
"505","motion_away_present","Where are you guys going?","თქვენ სად მიდიხართ?","Question.","'მიდიხართ' is plural 'you'."
"506","motion_away_present","They are going to the city.","ისინი ქალაქში მიდიან.","Motion.","'მიდიან' matches 'ისინი'."
"507","motion_away_present","Luka is going to the bank.","ლუკა ბანკში მიდის.","Motion.","Subject is NOM in present."
"508","motion_away_present","I am going now.","ახლა მივდივარ.","Status.","'ახლა' means 'now'."
"509","motion_away_present","Of course we are going.","რა თქმა უნდა, მივდივართ.","Status.","'რა თქმა უნდა' + Frame."
"510","motion_away_present","Let's go eat.","საჭმელად წავიდეთ.","Suggestion.","'წავიდეთ' is 'let's go'."
"511","motion_away_present","I'm off, goodbye.","ნახვამდის, წავედი.","Leaving.","'წავედი' is Aorist for 'I went'."
"512","motion_away_present","I am going to Tbilisi.","თბილისში მივდივარ.","Motion.","Standard Away-Motion."
"601","origin_state","I am from America.","მე ამერიკიდან ვარ.","Origin.","'-დან' postposition."
"602","origin_state","Where are you from?","საიდან ხარ?","Question.","'საიდან' is 'from where'."
"603","origin_state","She is from Tbilisi.","ის თბილისიდანაა.","Origin.","Drops 'ი' from 'თბილისი'."
"604","origin_state","We are from Kutaisi.","ჩვენ ქუთაისიდან ვართ.","Origin.","Drops 'ი' from 'ქუთაისი'."
"605","origin_state","You guys are from Europe.","თქვენ ევროპიდან ხართ.","Origin.","'ევროპა' + '-დან'."
"606","origin_state","They are from work.","ისინი სამსახურიდან არიან.","Origin.","Coming from a place."
"607","origin_state","This wine is from Kakheti.","ეს ღვინო კახეთიდანაა.","Origin.","Kakheti is the region."
"608","origin_state","Of course I am from Tbilisi.","რა თქმა უნდა, თბილისიდან ვარ.","Origin.","N-gram + Origin."
"609","origin_state","I am coming from home.","სახლიდან მოვდივარ.","Origin/Motion.","'სახლი' drops 'ი'."
"610","origin_state","It's not far from here.","შორს არ არის აქედან.","Location.","'აქედან' means 'from here'."
"611","origin_state","I am coming from there.","იქიდან მოვდივარ.","Motion.","'იქიდან' means 'from there'."
"612","origin_state","Consequently...","აქედან გამომდინარე...","Idiom.","Literal: 'Coming from here'."
"701","liking_present","I like this city.","მე ეს ქალაქი მომწონს.","Opinion.","'მომწონს' matches 'მე'."
"702","liking_present","Do you like this book?","შენ ეს წიგნი მოგწონს?","Question.","'მოგწონს' matches 'შენ'."
"703","liking_present","He likes this wine.","მას ეს ღვინო მოსწონს.","Opinion.","'მოსწონს' matches 'მას'."
"704","liking_present","We like this idea.","ჩვენ ეს იდეა მოგვწონს.","Opinion.","'მოგვწონს' matches 'ჩვენ'."
"705","liking_present","You guys like this music.","თქვენ ეს მუსიკა მოგწონთ.","Opinion.","'მოგწონთ' is plural 'you'."
"706","liking_present","They like this house.","მათ ეს სახლი მოსწონთ.","Opinion.","'მოსწონთ' matches 'მათ'."
"707","liking_present","Luka likes this movie.","ლუკას ეს ფილმი მოსწონს.","Opinion.","Names take '-ს'."
"708","liking_present","I don't like it.","არ მომწონს.","Opinion.","Negation."
"709","liking_present","I like it very much.","ძალიან მომწონს.","Emphasis.","'ძალიან' means 'very'."
"710","liking_present","Do you like this?","ეს მოგწონს?","Question.","Simple question."
"711","liking_present","I prefer this.","მირჩევნია.","Choice.","'მირჩევნია' is Pattern C."
"712","liking_present","I don't like it at all.","სულაც არ მომწონს.","Emphasis.","'სულაც არ' means 'at all not'."
"801","necessity_present","I need a doctor.","მე ექიმი მჭირდება.","Need.","Pattern C necessity."
"802","necessity_present","Do you need time?","შენ დრო გჭირდება?","Question.","'გჭირდება' matches 'შენ'."
"803","necessity_present","She needs help.","მას დახმარება სჭირდება.","Need.","'სჭირდება' matches 'მას'."
"804","necessity_present","We need an answer.","ჩვენ პასუხი გვჭირდება.","Need.","'გვჭირდება' matches 'ჩვენ'."
"805","necessity_present","You guys need a ticket.","თქვენ ბილეთი გჭირდებათ.","Need.","'გჭირდებათ' is plural 'you'."
"806","necessity_present","They need information.","მათ ინფორმაცია სჭირდებათ.","Need.","'სჭირდებათ' matches 'მათ'."
"807","necessity_present","Mariam needs money.","მარიამს ფული სჭირდება.","Need.","Names take '-ს'."
"808","necessity_present","Of course I need it.","რა თქმა უნდა, მჭირდება.","Emphasis.","N-gram + Need."
"809","necessity_present","I need it now.","ახლა მჭირდება.","Time.","'ახლა' means 'now'."
"810","necessity_present","I don't need it.","არ მჭირდება.","Negation.","'არ' + verb."
"811","necessity_present","I definitely need this.","ეს ნამდვილად მჭირდება.","Emphasis.","'ნამდვილად' means 'definitely'."
"812","necessity_present","What do I need?","რა მჭირდება?","Question.","'რა' means 'what'."
"901","possession_animate","I have a brother.","მე ძმა მყავს.","Family.","'მყავს' for living beings."
"902","possession_animate","You have a friend.","შენ მეგობარი გყავს.","Social.","'გყავს' matches 'შენ'."
"903","possession_animate","He has a child.","მას შვილი ჰყავს.","Family.","'ჰყავს' matches 'მას'."
"904","possession_animate","We have a cat.","ჩვენ კატა გვყავს.","Pets.","'გვყავს' matches 'ჩვენ'."
"905","possession_animate","You guys have a teacher.","თქვენ მასწავლებელი გყავთ.","Education.","'გყავთ' is plural 'you'."
"906","possession_animate","They have guests.","მათ სტუმრები ჰყავთ.","Social.","'ჰყავთ' matches 'მათ'."
"907","possession_animate","Nino has a dog.","ნინოს ძაღლი ჰყავს.","Pets.","Names take '-ს'."
"908","possession_animate","I have Mariam here.","მარიამი მყავს.","Status.","Using 'mqavs' for people."
"909","possession_animate","Who do you have?","ვინ გყავს?","Question.","'ვინ' means 'who'."
"910","possession_animate","I have many friends.","ბევრი მეგობარი მყავს.","Social.","'ბევრი' means 'many'."
"911","possession_animate","I have a good doctor.","კარგი ექიმი მყავს.","Reference.","Adjective + Noun."
"912","possession_animate","I have a child.","შვილი მყავს.","Family.","Simple statement."
"1001","doing_present","I am doing work.","მე საქმეს ვაკეთებ.","Action.","Present object takes '-ს'."
"1002","doing_present","You are making coffee.","შენ ყავას აკეთებ.","Action.","'ყავა' becomes 'ყავას'."
"1003","doing_present","She is making dinner.","ის სადილს აკეთებს.","Action.","'აკეთებს' matches 'ის'."
"1004","doing_present","We are making tea.","ჩვენ ჩაის ვაკეთებთ.","Action.","'ვაკეთებთ' matches 'ჩვენ'."
"1005","doing_present","What are you guys doing?","თქვენ რას აკეთებთ?","Question.","'რა' becomes 'რას' as object."
"1006","doing_present","They are doing everything.","ისინი ყველაფერს აკეთებენ.","Action.","'ყველაფერი' becomes 'ყველაფერს'."
"1007","doing_present","Giorgi is making coffee.","გიორგი ყავას აკეთებს.","Action.","Subject is NOM in present."
"1008","doing_present","I'm doing work/stuff.","საქმეს ვაკეთებ.","Action.","Pro-drop."
"1009","doing_present","I am doing this.","ამას ვაკეთებ.","Action.","'ეს' becomes 'ამას' as object."
"1010","doing_present","I am doing it now.","ახლა ვაკეთებ.","Time.","Present action."
"1011","doing_present","Why are you doing this?","ამას რატომ აკეთებ?","Question.","'რატომ' means 'why'."
"1012","doing_present","I am doing exercise.","ვარჯიშს ვაკეთებ.","Action.","'ვარჯიში' drops 'ი' adds '-ს'."
"1101","activity_present","I am working.","მე ვმუშაობ.","Work status.","Medial verbs like this don't need an object."
"1102","activity_present","Where do you work?","შენ სად მუშაობ?","Getting to know someone.","'მუშაობ' matches 'შენ'."
"1103","activity_present","He talks a lot.","ის ბევრს ლაპარაკობს.","Opinion.","'ბევრს' means 'a lot'."
"1104","activity_present","We speak Georgian.","ჩვენ ქართულად ვლაპარაკობთ.","Skills.","'ქართულად' means 'in the Georgian way/language'."
"1105","activity_present","You guys are resting.","თქვენ ისვენებთ.","Vacation.","'ისვენებთ' matches plural 'you'."
"1106","activity_present","They are playing.","ისინი თამაშობენ.","Observing kids.","'თამაშობენ' matches 'ისინი'."
"1107","activity_present","Dad is working.","მამა მუშაობს.","Family status.","Subject stays in the base form (Nominative)."
"1108","activity_present","I am learning.","ვსწავლობ.","Status.","'ვსწავლობ' means learning or studying."
"1109","activity_present","I live here.","აქ ვცხოვრობ.","Location.","'ვცხოვრობ' is the activity of living."
"1110","activity_present","I am dancing.","ვცეკვავ.","At a party.","Active process."
"1111","activity_present","I am speaking.","ვლაპარაკობ.","Status.","Continuous process."
"1112","activity_present","I am joking.","ვხუმრობ.","Social.","'ვხუმრობ' means I'm joking."
"1201","motion_toward_present","I am coming.","მე მოვდივარ.","Status.","'მო-' prefix means toward the speaker."
"1202","motion_toward_present","When will you come?","შენ როდის მოხვალ?","Scheduling.","'მოხვალ' is a future-leaning 'come' form."
"1203","motion_toward_present","She will come soon.","ის მალე მოვა.","Status.","'მალე' means 'soon'."
"1204","motion_toward_present","We are coming home.","ჩვენ სახლში მოვდივართ.","Movement.","'მოვდივართ' matches 'ჩვენ'."
"1205","motion_toward_present","Are you guys coming?","თქვენ მოდიხართ?","Invitation.","'მოდიხართ' matches plural 'you'."
"1206","motion_toward_present","They are coming.","ისინი მოდიან.","Observation.","'მოდიან' matches 'ისინი'."
"1207","motion_toward_present","Mariam is coming.","მარიამი მოდის.","Status.","Subject is NOM."
"1208","motion_toward_present","Come here!","აქ მოდი!","Request.","Imperative form."
"1209","motion_toward_present","He came back.","უკან მოვიდა.","Status.","'მოვიდა' is past tense."
"1210","motion_toward_present","We are coming to Tbilisi.","თბილისში მოვდივართ.","Travel.","Goal with '-ში'."
"1211","motion_toward_present","Come close.","ახლოს მოდი.","Request.","'ახლოს' means 'near/close'."
"1212","motion_toward_present","I'm on the way.","გზაში ვარ.","Status.","Idiom: 'I am in the way'."
"1301","ability_present","I can go.","მე წასვლა შემიძლია.","Ability.","'შემიძლია' is Pattern C (Dative subject)."
"1302","ability_present","You can help.","შენ დახმარება შეგიძლია.","Offering.","'შეგიძლია' matches 'შენ'."
"1303","ability_present","He can speak.","მას ლაპარაკი შეუძლია.","Skills.","'ის' becomes 'მას'."
"1304","ability_present","We can work.","ჩვენ მუშაობა შეგვიძლია.","Capability.","'შეგვიძლია' matches 'ჩვენ'."
"1305","ability_present","You guys can come.","თქვენ მოსვლა შეგიძლიათ.","Invitation.","'შეგიძლიათ' matches plural 'you'."
"1306","ability_present","They can do everything.","მათ ყველაფერი შეუძლიათ.","Capability.","'ისინი' becomes 'მათ'."
"1307","ability_present","Giorgi can swim.","გიორგის ცურვა შეუძლია.","Skills.","Names take '-ს'."
"1308","ability_present","I can't.","არ შემიძლია.","Negation.","Standard negation."
"1309","ability_present","How can I help you?","რით შემიძლია დაგეხმაროთ?","Formal help.","N-gram + Ability."
"1310","ability_present","I can't do this.","ეს არ შემიძლია.","Status.","Simple negation."
"1311","ability_present","Enjoy it while you can.","სანამ შეგიძლია, ისიამოვნე.","Advice.","N-gram integration."
"1312","ability_present","I can do it.","შემიძლია გავაკეთო.","Confidence.","Ability + Action."
"1401","preference_present","I prefer tea.","მე ჩაი მირჩევნია.","Choice.","'მირჩევნია' is Pattern C (Dative subject)."
"1402","preference_present","You prefer wine.","შენ ღვინო გირჩევნია.","Choice.","'გირჩევნია' matches 'შენ'."
"1403","preference_present","She prefers coffee.","მას ყავა ურჩევნია.","Choice.","'ის' becomes 'მას'."
"1404","preference_present","We prefer this.","ჩვენ ეს გვირჩევნია.","Decision.","'გვირჩევნია' matches 'ჩვენ'."
"1405","preference_present","What do you guys prefer?","თქვენ რა გირჩევნიათ?","Question.","'გირჩევნიათ' matches plural 'you'."
"1406","preference_present","They prefer to stay.","მათ დარჩენა ურჩევნიათ.","Decision.","'ისინი' becomes 'მათ'."
"1407","preference_present","Luka prefers khinkali.","ლუკას ხინკალი ურჩევნია.","Dinner.","Names take '-ს'."
"1408","preference_present","I prefer [it].","მირჩევნია.","Response.","Can stand alone."
"1409","preference_present","Isn't it better?","ხომ არ ჯობია?","Question.","N-gram for preference."
"1410","preference_present","I prefer this one.","ეს მირჩევნია.","Choice.","'ეს' means 'this'."
"1411","preference_present","I really prefer this.","ნამდვილად ეს მირჩევნია.","Emphasis.","'ნამდვილად' means 'definitely'."
"1412","preference_present","Of course I prefer it.","რა თქმა უნდა, მირჩევნია.","Emphasis.","N-gram + Preference."
"1501","knowledge_present","I know this.","მე ეს ვიცი.","Knowledge.","'ვიცი' is Pattern B (NOM subject)."
"1502","knowledge_present","You know the truth.","შენ სიმართლე იცი.","Facts.","'იცი' matches 'შენ'."
"1503","knowledge_present","He knows everything.","მან ყველაფერი იცის.","Status.","'ის' becomes 'მან' in this verb type."
"1504","knowledge_present","We know the way.","ჩვენ გზა ვიცით.","Direction.","'ვიცით' matches 'ჩვენ'."
"1505","knowledge_present","You guys know the answer.","თქვენ პასუხი იცით.","Knowledge.","'იცით' matches plural 'you'."
"1506","knowledge_present","They know nothing.","მათ არაფერი იციან.","Status.","'ისინი' becomes 'მათ'."
"1507","knowledge_present","Luka knows Georgian.","ლუკამ ქართული იცის.","Language.","'Luka' becomes 'Lukam' in this verb."
"1508","knowledge_present","I don't know.","არ ვიცი.","Response.","High frequency."
"1509","knowledge_present","As far as I know.","რამდენადაც ვიცი.","Idiom.","N-gram integration."
"1510","knowledge_present","I really don't know.","მართლა არ ვიცი.","Honesty.","'მართლა' means 'really'."
"1511","knowledge_present","I don't even know.","არც კი ვიცი.","Doubt.","'არც კი' means 'don't even'."
"1512","knowledge_present","You know [right]...","ხომ იცი.","Filler.","Common conversational tag."
"1601","completed_transitive_past","I did this.","მე ეს გავაკეთე.","Past.","Series II (Completed). Subject 'მე' stays the same."
"1602","completed_transitive_past","You did this.","შენ ეს გააკეთე.","Past.","Subject 'შენ' stays the same."
"1603","completed_transitive_past","He did this.","მან ეს გააკეთა.","Past.","Subject 'ის' becomes 'მან' (Ergative)."
"1604","completed_transitive_past","We did this.","ჩვენ ეს გავაკეთეთ.","Past.","Subject 'ჩვენ' stays the same."
"1605","completed_transitive_past","You guys did this.","თქვენ ეს გააკეთეთ.","Past.","Subject 'თქვენ' stays the same."
"1606","completed_transitive_past","They did this.","მათ ეს გააკეთეს.","Past.","Subject 'ისინი' becomes 'მათ' (Ergative)."
"1607","completed_transitive_past","Luka drank coffee.","ლუკამ ყავა დალია.","Past.","Name 'Luka' becomes 'Lukam' (Ergative)."
"1608","completed_transitive_past","Mariam said [it].","მარიამმა თქვა.","Past.","Name 'Mariam' becomes 'Mariamma' (Ergative)."
"1609","completed_transitive_past","Just recently I did it.","სულ ცოტა ხნის წინ გავაკეთე.","Time.","N-gram + Past."
"1610","completed_transitive_past","I didn't understand.","ვერ გავიგე.","Status.","From list. Aorist negation 'ver'."
"1611","completed_transitive_past","What happened?","რა მოხდა?","Question.","Fixed past form."
"1612","completed_transitive_past","Finally, I did it!","როგორც იქნა, გავაკეთე!","Exclamation.","N-gram + Past."
"1701","intent_optative_present","Let's go!","წავიდეთ!","Suggestion.","Optative form of 'go'."
"1702","intent_optative_present","Let's see.","ვნახოთ.","Suggestion.","'ვნახოთ' matches 'ჩვენ'."
"1703","intent_optative_present","Let's drink [it].","დავლიოთ.","Social.","'დავლიოთ' matches 'ჩვენ'."
"1704","intent_optative_present","What should I do?","რა ვქნა?","Dilemma.","Standard 'I' form of the Optative."
"1705","intent_optative_present","Where should we go?","სად წავიდეთ?","Question.","Optative suggestion."
"1706","intent_optative_present","Let's stop here.","აქ გავაჩეროთ.","Transport.","From list."
"1707","intent_optative_present","Shall we enter?","შევიდეთ?","Motion.","From list."
"1708","intent_optative_present","Let's meet.","შევხვდეთ.","Social.","From list."
"1709","intent_optative_present","Tell me.","მითხარი.","Request.","Imperative/Optative."
"1710","intent_optative_present","Give me.","მომეცი.","Request.","Imperative/Optative."
"1711","intent_optative_present","Show it.","აჩვენე.","Request.","Imperative/Optative."
"1712","intent_optative_present","Do it!","გააკეთე!","Request.","Imperative/Optative."
"1801","obligation_present","I must go.","მე უნდა წავიდე.","Obligation.","'უნდა' + Optative 'I go'."
"1802","obligation_present","You should rest.","შენ უნდა დაისვენო.","Advice.","'უნდა' + Optative 'You rest'."
"1803","obligation_present","She must help.","ის უნდა დაეხმაროს.","Obligation.","Notice 'ის' is Nominative here."
"1804","obligation_present","We must work.","ჩვენ უნდა ვიმუშაოთ.","Obligation.","'უნდა' + Optative 'We work'."
"1805","obligation_present","You guys should see.","თქვენ უნდა ნახოთ.","Advice.","'უნდა' + Optative 'You see'."
"1806","obligation_present","They must do it.","ისინი უნდა გააკეთონ.","Obligation.","'უნდა' + Optative 'They do'."
"1807","obligation_present","Giorgi must ask.","გიორგიმ უნდა იკითხოს.","Obligation.","Name takes Ergative in this frame."
"1808","obligation_present","I must do it now.","ახლა უნდა გავაკეთო.","Urgency.","N-gram + Obligation."
"1809","obligation_present","Of course I must go.","რა თქმა უნდა, უნდა წავიდე.","Status.","N-gram + Obligation."
"1810","obligation_present","Under no circumstances should...","არავითარ შემთხვევაში არ უნდა...","Emphasis.","N-gram integration."
"1811","obligation_present","You definitely must see this.","ეს აუცილებლად უნდა ნახო.","Advice.","'აუცილებლად' means 'necessarily'."
"1812","obligation_present","That's why we must go.","სწორედ ამიტომ უნდა წავიდეთ.","Logic.","N-gram + Obligation."
"19001","emotion_experiencer_present","I am afraid.","მე მეშინია.","Emotion.","Pattern C (Dative subject)."
"19002","emotion_experiencer_present","Are you happy?","შენ გიხარია?","Emotion.","'გიხარია' matches 'შენ'."
"19003","emotion_experiencer_present","He is offended.","მას სწყინს.","Emotion.","'ის' becomes 'მას'."
"19004","emotion_experiencer_present","We are surprised.","ჩვენ გვიკვირს.","Emotion.","'გვიკვირს' matches 'ჩვენ'."
"19005","emotion_experiencer_present","Are you guys afraid?","თქვენ გეშინიათ?","Emotion.","Plural 'you'."
"19006","emotion_experiencer_present","They are happy.","მათ უხარიათ.","Emotion.","'ისინი' becomes 'მათ'."
"19007","emotion_experiencer_present","The child is afraid.","ბავშვს ეშინია.","Emotion.","Name/Noun takes '-ს'."
"19008","emotion_experiencer_present","My heart exploded [terrified].","გული გამისკდა.","Idiom.","From list."
"19009","emotion_experiencer_present","Happy to meet you.","მიხარია შენი გაცნობა.","Social.","From list."
"19010","emotion_experiencer_present","Don't worry.","ნუ ღელავ.","Advice.","From list."
"19011","emotion_experiencer_present","Unfortunately I'm afraid.","სამწუხაროდ, მეშინია.","Emotion.","'სამწუხაროდ' means 'unfortunately'."
"19012","emotion_experiencer_present","I am very happy.","ძალიან მიხარია.","Emotion.","'ძალიან' means 'very'."
"20001","perception_experiencer_present","I understand you.","მე შენი მესმის.","Sense.","Pattern C (Dative subject)."
"20002","perception_experiencer_present","You understand me.","შენ ჩემი გესმის.","Sense.","'გესმის' matches 'შენ'."
"20003","perception_experiencer_present","He understands Georgian.","მას ქართული ესმის.","Skills.","'ის' becomes 'მას'."
"20004","perception_experiencer_present","We understand this.","ჩვენ ეს გვესმის.","Sense.","'გვესმის' matches 'ჩვენ'."
"20005","perception_experiencer_present","Do you guys hear music?","თქვენ მუსიკა გესმით?","Sense.","Plural 'you'."
"20006","perception_experiencer_present","They understand the problem.","მათ პრობლემა ესმით.","Logic.","'ისინი' becomes 'მათ'."
"20007","perception_experiencer_present","Mariam understands everything.","მარიამს ყველაფერი ესმის.","Sense.","Name takes '-ს'."
"20008","perception_experiencer_present","Do you understand?","გესმის?","Casual.","From list."
"20009","perception_experiencer_present","I didn't understand.","ვერ გავიგე.","Past.","Aorist version of the frame."
"20010","perception_experiencer_present","Got it.","გასაგებია.","Response.","N-gram integration."
"20011","perception_experiencer_present","I don't understand you.","შენი არ მესმის.","Sense.","Negation."
"20012","perception_experiencer_present","I don't hear the sound.","ხმა არ მესმის.","Sense.","'ხმა' means 'voice/sound'."
"2101","perception_seeing_present","I see you.","მე შენ გხედავ.","Direct sight.","The 'გ-' inside the verb points to 'you'."
"2102","perception_seeing_present","You see me.","შენ მე მხედავ.","Direct sight.","The 'მ-' inside the verb points to 'me'."
"2103","perception_seeing_present","She sees the mountain.","ის მთას ხედავს.","Observation.","'მთა' (mountain) becomes 'მთას'."
"2104","perception_seeing_present","We see the problem.","ჩვენ პრობლემას ვხედავთ.","Abstract sight.","'პრობლემა' becomes 'პრობლემას'."
"2105","perception_seeing_present","Do you guys see this?","თქვენ ამას ხედავთ?","Question.","'ეს' (this) becomes 'ამას' as the object."
"2106","perception_seeing_present","They see the house.","ისინი სახლს ხედავენ.","Observation.","'სახლი' becomes 'სახლს'."
"2107","perception_seeing_present","Luka is watching a movie.","ლუკა ფილმს უყურებს.","Activity.","'უყურებს' is specifically for 'watching' a process."
"2108","perception_seeing_present","I am just looking/browsing.","უბრალოდ ვათვალიერებ.","Shopping.","From your list. Use this in a store."
"2109","perception_seeing_present","I don't see anything.","ვერაფერს ვხედავ.","Status.","'ვერაფერს' means 'nothing/anything' (negative)."
"2110","perception_seeing_present","Of course I see you.","რა თქმა უნდა, გხედავ.","Emphasis.","N-gram + Seeing."
"2111","perception_seeing_present","They are looking at me.","ისინი მე უყურებენ.","Interaction.","The verb points to the observer."
"2112","perception_seeing_present","I see it well.","კარგად ვხედავ.","Status.","'კარგად' is the adverb 'well'."
"2201","discovery_finding_present","I am looking for the key.","მე გასაღებს ვეძებ.","Search.","'გასაღები' becomes 'გასაღებს'."
"2202","discovery_finding_present","What are you looking for?","შენ რას ეძებ?","Question.","'რა' (what) becomes 'რას'."
"2203","discovery_finding_present","He is looking for a job.","ის სამსახურს ეძებს.","Search.","'სამსახური' becomes 'სამსახურს'."
"2204","discovery_finding_present","We are looking for a way out.","ჩვენ გამოსავალს ვეძებთ.","Dilemma.","'გამოსავალი' means 'way out/exit'."
"2205","discovery_finding_present","Are you guys looking for this?","თქვენ ამას ეძებთ?","Question.","Standard NOM subject + DAT object."
"2206","discovery_finding_present","They are looking for a house.","ისინი სახლს ეძებენ.","Real estate.","Group action."
"2207","discovery_finding_present","Mariam is finding the phone.","მარიამი ტელეფონს პოულობს.","Success.","'პოულობს' is the 'finding' verb."
"2208","discovery_finding_present","He who seeks, finds.","ვინც ეძებს, ის პოულობს.","Proverb.","From your list."
"2209","discovery_finding_present","I can't find it.","ვერ ვპოულობ.","Failure.","'ვერ' expresses inability."
"2210","discovery_finding_present","It will sort itself out.","თავისით მოგვარდება.","Hope.","From your list. Related to finding a solution."
"2211","discovery_finding_present","Sooner or later I'll find it.","ადრე თუ გვიან ვიპოვი.","Optimism.","N-gram + Future find."
"2212","discovery_finding_present","It's pointless to search.","აზრი არ აქვს ძებნას.","Logic.","N-gram + Verbal noun."
"2301","objective_version_present","I am making coffee for you.","მე შენ ყავას გიკეთებ.","Favor.","The '-გი-' inside the verb means 'for you'."
"2302","objective_version_present","You are making dinner for me.","შენ მე სადილს მიკეთებ.","Favor.","The '-მი-' inside the verb means 'for me'."
"2303","objective_version_present","He is doing the job for her.","ის მას საქმეს უკეთებს.","Service.","The '-უ-' inside the verb means 'for him/her'."
"2304","objective_version_present","We are helping them.","ჩვენ მათ ვეხმარებით.","Social.","The '-ე-' marker shows interaction/benefit."
"2305","objective_version_present","You guys are helping me.","თქვენ მე მეხმარებით.","Social.","The '-მე-' marker points to 'me'."
"2306","objective_version_present","They are helping us.","ისინი ჩვენ გვეხმარებიან.","Social.","The '-გვე-' marker points to 'us'."
"2307","objective_version_present","Mariam is making tea for Giorgi.","მარიამი გიორგის ჩაის უკეთებს.","Favor.","Both the recipient and the object take '-ს'."
"2308","objective_version_present","How can I help you?","რით შემიძლია დაგეხმაროთ?","Politeness.","From your list."
"2309","objective_version_present","Can you help me?","შეგიძლია დამეხმარო?","Request.","From your list."
"2310","objective_version_present","I am helping as much as possible.","რაც შეიძლება მეტად ვეხმარები.","Effort.","N-gram + Service."
"2311","objective_version_present","I'll do it for you right away.","ეგრევე გაგიკეთებ.","Urgency.","N-gram + Future service."
"2312","objective_version_present","I'm on my way to help.","გზაში ვარ, რომ დაგეხმარო.","Status.","N-gram + Purpose."
"2401","communication_interaction_present","I am asking you.","მე შენ გეკითხები.","Dialogue.","The 'გ-' inside refers to 'you'."
"2402","communication_interaction_present","You are asking me.","შენ მე მეკითხები.","Dialogue.","The 'მ-' inside refers to 'me'."
"2403","communication_interaction_present","She is telling him/her.","ის მას ეუბნება.","Dialogue.","The 'ე-' prefix shows interaction."
"2404","communication_interaction_present","We are speaking the truth.","ჩვენ სიმართლეს ვამბობთ.","Dialogue.","'სიმართლე' (truth) becomes 'სიმართლეს'."
"2405","communication_interaction_present","What are you guys telling me?","თქვენ რას მეუბნებით?","Dialogue.","The 'მე-' inside refers to 'me'."
"2406","communication_interaction_present","They are asking us.","ისინი ჩვენ გვეკითხებიან.","Dialogue.","The 'გვე-' inside refers to 'us'."
"2407","communication_interaction_present","Luka is asking Mariam.","ლუკა მარიამს ეკითხება.","Dialogue.","Mariam gets the '-ს' as the recipient."
"2408","communication_interaction_present","You don't say!","რას ამბობ!","Exclamation.","From your list."
"2409","communication_interaction_present","To tell you the truth...","სიმართლე გითხრა...","Conversation.","From your list."
"2410","communication_interaction_present","Sorry to interrupt you...","ბოდიში, რომ გაწყვეტინებ...","Politeness.","From your list."
"2411","communication_interaction_present","What do you mean?","რას გულისხმობ?","Clarification.","From your list."
"2412","communication_interaction_present","I can't say anything.","ვერაფერს ვიტყვი.","Silence.","From your list."
"2501","commerce_transaction_present","I am buying bread.","მე პურს ვყიდულობ.","Shopping.","'პური' becomes 'პურს'."
"2502","commerce_transaction_present","What are you buying?","შენ რას ყიდულობ?","Question.","'რას' is the object form of 'what'."
"2503","commerce_transaction_present","He is buying a ticket.","ის ბილეთს ყიდულობს.","Shopping.","'ბილეთი' becomes 'ბილეთს'."
"2504","commerce_transaction_present","We are buying dinner.","ჩვენ სადილს ვყიდულობთ.","Shopping.","Standard Pattern B logic."
"2505","commerce_transaction_present","How much are you guys paying?","თქვენ რამდენს იხდით?","Question.","'რამდენს' means 'how much' (as an object)."
"2506","commerce_transaction_present","They are paying money.","ისინი ფულს იხდიან.","Transaction.","'ფული' becomes 'ფულს'."
"2507","commerce_transaction_present","Giorgi is buying wine.","გიორგი ღვინოს ყიდულობს.","Shopping.","'ღვინო' becomes 'ღვინოს'."
"2508","commerce_transaction_present","How much is it?","რა ღირს?","Question.","From your list."
"2509","commerce_transaction_present","How much for one kilo?","რა ღირს ერთი კილო?","Question.","From your list."
"2510","commerce_transaction_present","The bill, please.","ანგარიში, თუ შეიძლება.","Restaurant.","From your list."
"2511","commerce_transaction_present","I am paying by card.","ბარათით ვიხდი.","Transaction.","'ბარათით' means 'by card'."
"2512","commerce_transaction_present","It's too expensive.","ძალიან ძვირია.","Opinion.","'ძვირი' means 'expensive'."
"2601","process_start_finish","I am starting work.","მე საქმეს ვიწყებ.","Process.","'საქმე' becomes 'საქმეს'."
"2602","process_start_finish","You are finishing school.","შენ სკოლას ამთავრებ.","Process.","'სკოლა' becomes 'სკოლას'."
"2603","process_start_finish","She is starting to eat.","ის ჭამას იწყებს.","Process.","'აკეთებს' matches 'ის'."
"2604","process_start_finish","We are finishing dinner.","ჩვენ სადილს ვამთავრებთ.","Process.","'ამთავრებთ' matches 'ჩვენ'."
"2605","process_start_finish","Are you guys starting now?","თქვენ ახლა იწყებთ?","Question.","'ახლა' means 'now'."
"2606","process_start_finish","They are finishing work.","ისინი მუშაობას ამთავრებენ.","Process.","'მუშაობა' becomes 'მუშაობას'."
"2607","process_start_finish","Mariam is starting the movie.","მარიამი ფილმს იწყებს.","Entertainment.","Standard transitive action."
"2608","process_start_finish","A good beginning is half the work.","კარგი დასაწყისი საქმის ნახევარია.","Proverb.","From your list."
"2609","process_start_finish","I am finishing already.","უკვე ვამთავრებ.","Urgency.","N-gram + Process."
"2610","process_start_finish","I am starting right away.","ეგრევე ვიწყებ.","Urgency.","N-gram + Process."
"2611","process_start_finish","As soon as possible, finish it.","რაც შეიძლება მალე დაამთავრე.","Command.","N-gram + Result."
"2612","process_start_finish","The sooner the better.","რაც მალე, მით უკეთესი.","Idiom.","From your list."
"2701","taking_getting","I am taking a ticket.","მე ბილეთს ვიღებ.","Action.","'ბილეთი' becomes 'ბილეთს'."
"2702","taking_getting","You are getting money.","შენ ფულს იღებ.","Action.","'ვიღებ' is very versatile."
"2703","taking_getting","He is taking the key.","ის გასაღებს იღებს.","Action.","Manual interaction."
"2704","taking_getting","We are taking coffee.","ჩვენ ყავას ვიღებთ.","Action.","Ordering context."
"2705","taking_getting","What are you guys taking?","თქვენ რას იღებთ?","Question.","Choice."
"2706","taking_getting","They are taking a picture.","ისინი სურათს იღებენ.","Activity.","'სურათი' means 'picture/photo'."
"2707","taking_getting","Mariam is getting the phone.","მარიამი ტელეფონს იღებს.","Action.","Standard transitive."
"2708","taking_getting","I'm taking one sip.","ერთი ყლუპს ვიღებ.","Action.","From your list."
"2709","taking_getting","Can I try this on?","შეიძლება მოვიზომო?","Shopping.","From your list (uses the root for taking)."
"2710","taking_getting","I'm taking a shower.","შხაპს ვიღებ.","Status.","'შხაპი' means 'shower'."
"2711","taking_getting","I'll take this one.","ამას ვიღებ.","Decision.","Shopping context."
"2712","taking_getting","Finally, I'm taking it.","ბოლოს და ბოლოს, ვიღებ.","Result.","N-gram + Action."
"2801","selection_order","I am ordering khinkali.","მე ხინკალს ვუკვეთავ.","Dining.","'ხინკალი' becomes 'ხინკალს'."
"2802","selection_order","You are choosing wine.","შენ ღვინოს ირჩევ.","Dining.","'ღვინო' becomes 'ღვინოს'."
"2803","selection_order","She is ordering tea.","ის ჩაის უკვეთავს.","Dining.","Standard action frame."
"2804","selection_order","We are choosing this.","ჩვენ ამას ვირჩევთ.","Choice.","'ეს' becomes 'ამას'."
"2805","selection_order","What are you guys ordering?","თქვენ რას უკვეთავთ?","Question.","'რას' matches the selection."
"2806","selection_order","They are choosing a place.","ისინი ადგილს ირჩევენ.","Decision.","'ადგილი' means 'place'."
"2807","selection_order","The menu, please.","მენიუ, თუ შეიძლება.","Restaurant.","From your list."
"2808","selection_order","What do you recommend?","რას მირჩევთ?","Restaurant.","From your list."
"2809","selection_order","The bill, please.","ანგარიში, თუ შეიძლება.","Restaurant.","From your list."
"2810","selection_order","Enjoy your meal!","გემრიელად მიირთვი.","Social.","From your list."
"2811","selection_order","I prefer this one.","მირჩევნია.","Choice.","From your list (related to choosing)."
"2812","selection_order","Of course I'm ordering it.","რა თქმა უნდა, ვუკვეთავ.","Emphasis.","N-gram + Action."
"2901","expectation_waiting","I am waiting for you.","მე შენ გელოდები.","Process.","The 'გ-' inside refers to 'you'."
"2902","expectation_waiting","You are waiting for me.","შენ მე მელოდები.","Process.","The 'მ-' inside refers to 'me'."
"2903","expectation_waiting","He is waiting for a taxi.","ის ტაქსის ელოდება.","Process.","'ტაქსი' becomes 'ტაქსის'."
"2904","expectation_waiting","We are waiting for the bus.","ჩვენ ავტობუსს ველოდებით.","Process.","'ავტობუსი' becomes 'ავტობუსს'."
"2905","expectation_waiting","Are you guys waiting for them?","თქვენ მათ ელოდებით?","Question.","The object is 'მათ' (them)."
"2906","expectation_waiting","They are waiting for us.","ისინი ჩვენ გველოდებიან.","Process.","The 'გვე-' inside refers to 'us'."
"2907","expectation_waiting","Giorgi is waiting for Mariam.","გიორგი მარიამს ელოდება.","Social.","Mariam gets the '-ს' ending."
"2908","expectation_waiting","One moment!","ერთი წუთით.","Urgency.","From your list."
"2909","expectation_waiting","Wait / Hold on!","მოიცა.","Command.","From your list."
"2910","expectation_waiting","I've been waiting a long time.","დიდი ხანია ველოდები.","Status.","'დიდი ხანია' means 'for a long time'."
"2911","expectation_waiting","I'm on my way, wait.","გზაში ვარ, დამელოდე.","Status.","N-gram + Command."
"2912","expectation_waiting","Wait here.","აქ დამელოდე.","Command.","'აქ' means 'here'."
"3001","frequency_habit","I work often.","მე ხშირად ვმუშაობ.
"3002","frequency_habit","You exercise every day.","შენ ყოველდღე ვარჯიშობ.","Habit.","'ყოველდღე' means 'every day'."
"3003","frequency_habit","She is always late.","ის ყოველთვის აგვიანებს.","Habit.","'ყოველთვის' means 'always'."
"3004","frequency_habit","We sometimes walk.","ჩვენ ზოგჯერ ვსეირნობთ.","Habit.","'ზოგჯერ' means 'sometimes'."
"3005","frequency_habit","You guys rarely come.","თქვენ იშვიათად მოდიხართ.","Habit.","'იშვიათად' means 'rarely'."
"3006","frequency_habit","They study a lot.","ისინი ბევრს სწავლობენ.","Habit.","'ბევრს' means 'a lot/much'."
"3007","frequency_habit","Lately I work a lot.","ბოლო დროს ბევრს ვმუშაობ.","Habit.","From your list."
"3008","frequency_habit","As a rule, I am here.","როგორც წესი, აქ ვარ.","Habit.","From your list."
"3009","frequency_habit","I say it again and again.","ისევ და ისევ ვამბობ.","Emphasis.","N-gram + Habit."
"3010","frequency_habit","Sooner or later I will come.","ადრე თუ გვიან მოვალ.","Future.","N-gram + Future."
"3011","frequency_habit","I see it more and more.","უფრო და უფრო ხშირად ვხედავ.","Emphasis.","N-gram + Habit."
"3012","frequency_habit","For now, I'm here.","ჯერჯერობით აქ ვარ.","Status.","'ჯერჯერობით' means 'for now/so far'."
"3101","obligation_must","I must go.","მე უნდა წავიდე.","Urgency.","'უნდა' + Optative 'I go'."
"3102","obligation_must","You should rest.","შენ უნდა დაისვენო.","Advice.","'უნდა' + Optative 'You rest'."
"3103","obligation_must","She must help him.","ის უნდა დაეხმაროს.","Responsibility.","In this frame, the person is Nominative (base form)."
"3104","obligation_must","We have to work.","ჩვენ უნდა ვიმუშაოთ.","Duty.","'უნდა' + Optative 'We work'."
"3105","obligation_must","You guys must see it.","თქვენ უნდა ნახოთ.","Recommendation.","'ნახოთ' is the plural 'You see' form."
"3106","obligation_must","They must do it.","ისინი უნდა გააკეთონ.","Instruction.","'უნდა' + Optative 'They do'."
"3107","obligation_must","Giorgi must ask.","გიორგიმ უნდა იკითხოს.","Inquiry.","Notice the shift to 'გიორგიმ' with this specific verb."
"3108","obligation_must","I must do it now.","ახლა უნდა გავაკეთო.","Urgency.","'ახლა' sit before the requirement."
"3109","obligation_must","Of course I must go.","რა თქმა უნდა, უნდა წავიდე.","Status.","N-gram + Obligation."
"3110","obligation_must","Under no circumstances should you.","არავითარ შემთხვევაში არ უნდა.","Warning.","From your list."
"3111","obligation_must","You definitely must see this.","ეს აუცილებლად უნდა ნახო.","Advice.","'აუცილებლად' means 'necessarily/definitely'."
"3112","obligation_must","That's why we should go.","სწორედ ამიტომ უნდა წავიდეთ.","Logic.","N-gram + Suggestion."
"3201","emotion_states","I am afraid.","მე მეშინია.","Feeling.","Pattern: Person (DAT) + Verb."
"3202","emotion_states","Are you happy?","შენ გიხარია?","Question.","'გიხარია' means you are rejoicing."
"3203","emotion_states","He is offended.","მას სწყინს.","Conflict.","'ის' becomes 'მას'."
"3204","emotion_states","We are surprised.","ჩვენ გვიკვირს.","Reaction.","'გვიკვირს' matches 'ჩვენ'."
"3205","emotion_states","Are you guys afraid?","თქვენ გეშინიათ?","Group safety.","'გეშინიათ' matches plural 'you'."
"3206","emotion_states","They are happy.","მათ უხარიათ.","Good news.","'ისინი' becomes 'მათ'."
"3207","emotion_states","The child is afraid.","ბავშვს ეშინია.","Status.","Nouns take the '-ს' ending."
"3208","emotion_states","My heart exploded!","გული გამისკდა.","Idiom.","From your list. Means 'I was terrified'."
"3209","emotion_states","I am happy to meet you.","მიხარია შენი გაცნობა.","Social.","From your list."
"3210","emotion_states","Don't worry.","ნუ ღელავ.","Advice.","From your list."
"3211","emotion_states","Unfortunately I'm afraid.","სამწუხაროდ, მეშინია.","Honesty.","'სამწუხაროდ' means 'unfortunately'."
"3212","emotion_states","I am very happy.","ძალიან მიხარია.","Good news.","'ძალიან' means 'very'."
"3301","plans_intent","I plan to leave.","მე წასვლას ვაპირებ.","Future.","The action 'წასვლა' gets the '-ს' ending."
"3302","plans_intent","What are you planning?","შენ რას აპირებ?","Question.","'რა' becomes 'რას'."
"3303","plans_intent","He plans to work.","ის მუშაობას აპირებს.","Future.","Verbal noun 'მუშაობა' + '-ს'."
"3304","plans_intent","We plan to buy it.","ჩვენ ყიდვას ვაპირებთ.","Shopping.","'ყიდვა' (buying) + '-ს'."
"3305","plans_intent","Are you guys planning to study?","თქვენ სწავლას აპირებთ?","Education.","'სწავლა' (studying) + '-ს'."
"3306","plans_intent","They plan to come.","ისინი მოსვლას აპირებენ.","Travel.","'მოსვლა' (coming) + '-ს'."
"3307","plans_intent","Luka plans to stay.","ლუკა დარჩენას აპირებს.","Decision.","Subject is NOM in present."
"3308","plans_intent","What are your plans?","რა გეგმები გაქვს?","Social.","From your list (possession version)."
"3309","plans_intent","I am planning seriously.","სერიოზულად ვაპირებ.","Emphasis.","'სერიოზულად' means 'seriously'."
"3310","plans_intent","I'm not planning anything yet.","ჯერ არაფერს ვაპირებ.","Status.","N-gram + Plans."
"3311","plans_intent","I plan to eat.","ჭამას ვაპირებ.","Dining.","Standard action intent."
"3312","plans_intent","I don't plan on this.","ამას არ ვაპირებ.","Rejection.","'ეს' becomes 'ამას'."
"3401","irregular_future_motion","I will go tomorrow.","მე ხვალ წავალ.","Future.","Root for 'go' changes to '-ვალ-'."
"3402","irregular_future_motion","When will you go?","შენ როდის წახვალ?","Question.","'წახვალ' matches 'შენ'."
"3403","irregular_future_motion","He will go to Batumi.","ის ბათუმში წავა.","Travel.","Standard goal with '-ში'."
"3404","irregular_future_motion","We will go to the cinema.","ჩვენ კინოში წავალთ.","Entertainment.","'წავალთ' matches 'ჩვენ'."
"3405","irregular_future_motion","When will you guys go to school?","თქვენ სკოლაში როდის წახვალთ?","Education.","Plural 'you' form."
"3406","irregular_future_motion","They will go to the city.","ისინი ქალაქში წავლენ.","Movement.","'წავლენ' matches 'ისინი'."
"3407","irregular_future_motion","Mariam will go home.","მარიამი სახლში წავა.","Status.","Subject is NOM."
"3408","irregular_future_motion","I will come soon.","მალე მოვალ.","Arrival.","Toward-motion future."
"3409","irregular_future_motion","Sooner or later I will go.","ადრე თუ გვიან წავალ.","Vague.","N-gram + Future."
"3410","irregular_future_motion","I will go as soon as possible.","რაც შეიძლება მალე წავალ.","Urgency.","N-gram + Future."
"3411","irregular_future_motion","I won't go there anymore.","იქ აღარ წავალ.","Decision.","'აღარ' means 'no longer'."
"3412","irregular_future_motion","One fine day I will go.","ერთ მშვენიერ დღეს წავალ.","Dreams.","From your list."
"3501","logic_reason","I want it because it's tasty.","მინდა, იმიტომ რომ გემრიელია.","Dining.","'იმიტომ რომ' means 'because'."
"3502","logic_reason","I am here because I need to be.","აქ ვარ, იმიტომ რომ მჭირდება.","Status.","Frame A + Connector + Frame B."
"3503","logic_reason","I'm hungry, therefore I'm eating.","მშია, ამიტომ ვჭამ.","Action.","'ამიტომ' means 'therefore'."
"3504","logic_reason","I work because I need money.","ვმუშაობ, იმიტომ რომ ფული მჭირდება.","Career.","Complex logic."
"3505","logic_reason","I'm tired, therefore I'm resting.","დავიღალე, ამიტომ ვისვენებ.","Health.","State + Result."
"3506","logic_reason","I can't come because I have work.","ვერ მოვალ, იმიტომ რომ საქმე მაქვს.","Status.","Polite refusal."
"3507","logic_reason","I have a car, so I'm going.","მანქანა მყავს, ამიტომ მივდივარ.","Travel.","Possession + Result."
"3508","logic_reason","Because of this.","ამის გამო.","Idiom.","From your list."
"3509","logic_reason","That's precisely why.","სწორედ ამიტომ.","Emphasis.","From your list."
"3510","logic_reason","Since...","რადგან...","Connector.","Alternative for 'because'."
"3511","logic_reason","Although...","მიუხედავად იმისა, რომ...","Connector.","From your list."
"3512","logic_reason","The thing is that...","საქმე იმაშია, რომ...","Filler.","From your list."
"3601","physical_sensations","I am hungry.","მე მშია.","Biological.","Pattern: Person (DAT) + Verb."
"3602","physical_sensations","Are you thirsty?","შენ გწყურია?","Question.","'გწყურია' matches 'შენ'."
"3603","physical_sensations","He is cold.","მას სცივა.","Weather.","'ის' becomes 'მას'."
"3604","physical_sensations","We are hungry.","ჩვენ გვშია.","Group status.","'გვშია' matches 'ჩვენ'."
"3605","physical_sensations","Are you guys hot?","თქვენ გცხელათ?","Weather.","Plural 'you' form."
"3606","physical_sensations","They are thirsty.","მათ სწყურიათ.","Group status.","'ისინი' becomes 'მათ'."
"3607","physical_sensations","The child is cold.","ბავშვს სცივა.","Family.","Nouns take '-ს'."
"3608","physical_sensations","I'm hungry/thirsty.","მშია / მწყურია.","Survival.","High frequency."
"3609","physical_sensations","Of course I'm hungry.","რა თქმა უნდა, მშია.","Emphasis.","N-gram + State."
"3610","physical_sensations","I'm sick and cold.","ცუდად ვარ, მცივა.","Health.","From your list."
"3611","physical_sensations","I'm not hungry yet.","ჯერ არ მშია.","Status.","'ჯერ არ' means 'not yet'."
"3612","physical_sensations","I am very hot.","ძალიან მცხელა.","Weather.","'ძალიან' means 'very'."
"3701","ownership_belonging","This belongs to me.","ეს მე მეკუთვნის.","Ownership.","Person (DAT) + Verb."
"3702","ownership_belonging","This belongs to you.","ეს შენ გეკუთვნის.","Ownership.","The 'გ-' inside refers to 'you'."
"3703","ownership_belonging","This book belongs to her.","ეს წიგნი მას ეკუთვნის.","Property.","'ის' becomes 'მას'."
"3704","ownership_belonging","This belongs to us.","ეს ჩვენ გვეკუთვნის.","Property.","The 'გვე-' inside refers to 'us'."
"3705","ownership_belonging","This belongs to you guys.","ეს თქვენ გეკუთვნით.","Property.","Plural 'you' form."
"3706","ownership_belonging","This belongs to them.","ეს მათ ეკუთვნით.","Property.","'ისინი' becomes 'მათ'."
"3707","ownership_belonging","This car belongs to Giorgi.","ეს მანქანა გიორგის ეკუთვნის.","Ownership.","Names take '-ს'."
"3708","ownership_belonging","It's up to you.","ეს შენზეა დამოკიდებული.","Idiom.","From your list."
"3709","ownership_belonging","Of course it belongs to me.","რა თქმა უნდა, მე მეკუთვნის.","Emphasis.","N-gram + Belonging."
"3710","ownership_belonging","This doesn't belong to you.","ეს სულაც არ გეკუთვნის.","Conflict.","'სულაც არ' means 'not at all'."
"3711","ownership_belonging","Whom does this belong to?","ვის ეკუთვნის ეს?","Question.","'ვის' means 'to whom'."
"3712","ownership_belonging","It doesn't matter who it belongs to.","მნიშვნელობა არ აქვს, ვის ეკუთვნის.","Logic.","N-gram + Belonging."
"3801","discovery_loss_active","I am finding the key.","მე გასაღებს ვპოულობ.","Success.","Object 'გასაღები' + '-ს'."
"3802","discovery_loss_active","You are losing the phone.","შენ ტელეფონს კარგავ.","Mistake.","'კარგავ' matches 'შენ'."
"3803","discovery_loss_active","She is finding a job.","ის სამსახურს პოულობს.","Career.","Standard action frame."
"3804","discovery_loss_active","We are getting lost.","ჩვენ გზას ვკარგავთ.","Travel.","Literally: 'Losing the way'."
"3805","discovery_loss_active","Are you guys finding money?","თქვენ ფულს პოულობთ?","Question.","'ფული' + '-ს'."
"3806","discovery_loss_active","They are wasting time.","ისინი დროს კარგავენ.","Opinion.","Literally: 'Losing time'."
"3807","discovery_loss_active","Luka is finding a way out.","ლუკა გამოსავალს პოულობს.","Solution.","Subject is NOM."
"3808","discovery_loss_active","He who seeks, finds.","ვინც ეძებს, ის პოულობს.","Proverb.","From your list."
"3809","discovery_loss_active","It's pointless, we're wasting time.","აზრი არ აქვს, დროს ვკარგავთ.","Status.","N-gram + Action."
"3810","discovery_loss_active","I am not losing hope.","იმედს არ ვკარგავ.","Resilience.","'იმედი' (hope) + '-ს'."
"3811","discovery_loss_active","Sooner or later I will find it.","ადრე თუ გვიან ვიპოვი.","Future.","N-gram + Future."
"3812","discovery_loss_active","Finally, I found it!","როგორც იქნა, ვიპოვე!","Past.","N-gram + Aorist."
"3901","becoming_change_state","I am getting tired.","მე ვიღლები.","Process.","Subject is NOM."
"3902","becoming_change_state","Are you getting ready?","შენ ემზადები?","Question.","'ემზადები' matches 'შენ'."
"3903","becoming_change_state","He is getting tired.","ის იღლება.","Observation.","'იღლება' matches 'ის'."
"3904","becoming_change_state","We are getting ready.","ჩვენ ვემზადებით.","Status.","'ვემზადებით' matches 'ჩვენ'."
"3905","becoming_change_state","Are you guys getting tired?","თქვენ იღლებით?","Social.","Plural 'you' form."
"3906","becoming_change_state","They are getting ready.","ისინი ემზადებიან.","Observation.","'ემზადებიან' matches 'ისინი'."
"3907","becoming_change_state","Mariam is getting tired.","მარიამი იღლება.","Status.","Subject is NOM."
"3908","becoming_change_state","I am tired.","დავიღალე.","State.","From your list (Aorist state)."
"3909","becoming_change_state","I am ready.","მზად ვარ.","State.","From your list (Current state)."
"3910","becoming_change_state","I'm getting more and more tired.","სულ უფრო და უფრო ვიღლები.","Emphasis.","N-gram + Becoming."
"3911","becoming_change_state","I'm getting ready to leave.","წასასვლელად ვემზადები.","Status.","'წასასვლელად' means 'for leaving'."
"3912","becoming_change_state","Don't worry, I'm ready.","ნუ ღელავ, ვემზადები.","Advice.","N-gram + Action."
"4001","permission_possibility","May I come in?","შეიძლება შემოვიდე?","Politeness.","'შეიძლება' + Optative."
"4002","permission_possibility","Can I try this on?","შეიძლება მოვიზომო?","Shopping.","From your list."
"4003","permission_possibility","May I sit here?","შეიძლება აქ დავჯდე?","Social.","'დავჯდე' is the optative 'I sit'."
"4004","permission_possibility","May I see?","შეიძლება ვნახო?","Inquiry.","'ვნახო' is the optative 'I see'."
"4005","permission_possibility","May I ask you?","შეიძლება გკითხოთ?","Politeness.","Formal/Plural request."
"4006","permission_possibility","Can we leave?","შეიძლება წავიდეთ?","Social.","'წავიდეთ' is the optative 'we go'."
"4007","permission_possibility","One could say.","შეიძლება ითქვას.","Opinion.","From your list."
"4008","permission_possibility","Please / If possible.","თუ შეიძლება.","Politeness.","From your list."
"4009","permission_possibility","No, it's not allowed.","არა, არ შეიძლება.","Refusal.","'არ შეიძლება' means forbidden."
"4010","permission_possibility","It could be that...","შეიძლება, რომ...","Logic.","From your list."
"4011","permission_possibility","Just a moment, may I?","ერთი წუთით, შეიძლება?","Urgency.","From your list."
"4012","permission_possibility","Of course it's possible.","რა თქმა უნდა, შეიძლება.","Emphasis.","N-gram + Permission."
"4101","reported_speech","He said that he will come.","მან თქვა, რომ მოვა.","Reporting.","'რომ' acts as 'that'."
"4102","reported_speech","They told me that you are here.","მითხრეს, რომ აქ ხარ.","Information.","'მითხრეს' means 'they told me'."
"4103","reported_speech","I know that you are right.","ვიცი, რომ მართალი ხარ.","Agreement.","Frame + რომ + Frame."
"4104","reported_speech","I think that this is good.","მგონია, რომ ეს კარგია.","Opinion.","'მგონია' means 'it seems to me'."
"4105","reported_speech","By the way, they told me that...","სხვათა შორის, მითხრეს, რომ...","Conversation.","N-gram + Reporting."
"4106","reported_speech","I am sure that everything will be fine.","დარწმუნებული ვარ, რომ ყველაფერი კარგად იქნება.","Reassurance.","N-gram + Logic."
"4107","reported_speech","Apparently he is right.","როგორც ჩანს, რომ ის მართალია.","Observation.","N-gram + Reporting."
"4108","reported_speech","The thing is that I don't know.","საქმე იმაშია, რომ არ ვიცი.","Explanation.","From your list."
"4109","reported_speech","I think that this is not enough.","ვფიქრობ, რომ ეს საკმარისი არ არის.","Critique.","'ვფიქრობ' is active thinking."
"4110","reported_speech","They say that it will rain tomorrow.","ამბობენ, რომ ხვალ წვიმა იქნება.","Gossip/News.","'ამბობენ' means 'they say'."
"4111","reported_speech","I heard that you are going.","გავიგე, რომ მიდიხარ.","Social.","'გავიგე' means 'I heard/found out'."
"4112","reported_speech","I hope that you will come.","იმედი მაქვს, რომ მოხვალ.","Desire.","Possession frame + რომ."
"4201","evidential_perfect","Apparently I have forgotten.","თურმე, დამვიწყებია.","Realization.","Pattern C (Dative subject)."
"4202","evidential_perfect","Apparently you have seen this already.","შენ უკვე გინახავს ეს.","Observation.","'გინახავს' means 'you have seen'."
"4203","evidential_perfect","He has apparently worked a lot.","მას ბევრი უმუშავია.","Inference.","'ის' becomes 'მას'."
"4204","evidential_perfect","We have said this before.","ჩვენ ეს ადრეც გვითქვამს.","Memory.","'ჩვენ' becomes 'გვითქვამს' in this tense."
"4205","evidential_perfect","You guys have apparently bought it.","თქვენ გიყიდიათ.","Observation.","Plural 'you' receiver."
"4206","evidential_perfect","They have apparently done everything.","მათ ყველაფერი გაუკეთებიათ.","Result.","'ისინი' becomes 'მათ'."
"4207","evidential_perfect","As it turned out, he wrote it.","როგორც გაირკვა, მას დაუწერია.","Discovery.","N-gram + Perfect."
"4208","evidential_perfect","I have never seen this.","ეს არასდროს მინახავს.","Experience.","'მინახავს' is the 'I have seen' form."
"4209","evidential_perfect","Apparently he is late.","როგორც ჩანს, მას დაუგვიანია.","Inference.","N-gram + Perfect."
"4210","evidential_perfect","This hasn't happened before.","ეს ადრე არ მომხდარა.","Status.","'მომხდარა' is the result form of 'happen'."
"4211","evidential_perfect","It turns out Giorgi did it.","თურმე, გიორგის გაუკეთებია.","Discovery.","'თურმე' means 'it turns out'."
"4212","evidential_perfect","What have you done?!","რა გიქნია?","Exclamation.","Common reaction to a result."
"4301","comparison_degree","I am older than you.","მე შენზე დიდი ვარ.","Identity.","'-ზე' acts as 'than'."
"4302","comparison_degree","This is better than that.","ეს იმაზე უკეთესია.","Choice.","'უკეთესი' means 'better'."
"4303","comparison_degree","Coffee is tastier than tea.","ყავა ჩაიზე გემრიელია.","Preference.","'გემრიელი' means 'tasty'."
"4304","comparison_degree","Batumi is smaller than Tbilisi.","ბათუმი თბილისზე პატარაა.","Geography.","'პატარა' means 'small'."
"4305","comparison_degree","We work faster than them.","ჩვენ მათზე სწრაფად ვმუშაობთ.","Activity.","'სწრაფად' means 'fast'."
"4306","comparison_degree","You guys know more than us.","თქვენ ჩვენზე მეტი იცით.","Knowledge.","'მეტი' means 'more'."
"4307","comparison_degree","This is more expensive than I thought.","ეს იმაზე ძვირია, ვიდრე მეგონა.","Shopping.","'ვიდრე' is another way to say 'than'."
"4308","comparison_degree","Better late than never.","სჯობს გვიან, ვიდრე არასდროს.","Proverb.","From your list."
"4309","comparison_degree","More and more.","უფრო და უფრო მეტი.","Quantity.","From your list."
"4310","comparison_degree","As much as possible.","რაც შეიძლება მეტი.","Quantity.","From your list."
"4311","comparison_degree","One of the most important.","ერთ-ერთი ყველაზე მნიშვნელოვანი.","Emphasis.","From your list."
"4312","comparison_degree","No more, no less.","არც მეტი, არც ნაკლები.","Idiom.","From your list."
"4401","purpose_intent","I am here to help you.","აქ ვარ იმისთვის, რომ დაგეხმარო.","Purpose.","'იმისთვის, რომ' means 'in order to'."
"4402","purpose_intent","I study so that I may know.","ვსწავლობ იმისთვის, რომ ვიცოდე.","Education.","Connector + Optative."
"4403","purpose_intent","I need money to buy it.","ფული მჭირდება იმისთვის, რომ ვიყიდო.","Finance.","Connector + Optative."
"4404","purpose_intent","We work so that we may live.","ვმუშაობთ იმისთვის, რომ ვიცხოვროთ.","Philosophy.","Connector + Optative."
"4405","purpose_intent","I did this because I wanted to.","ეს იმიტომ გავაკეთე, რომ მინდოდა.","Reason.","'იმიტომ, რომ' is used for reasons."
"4406","purpose_intent","What is the reason for this?","რა არის ამის მიზეზი?","Inquiry.","From your list."
"4407","purpose_intent","In order to be avoided.","რათა თავიდან იქნას აცილებული.","Formal.","From your list."
"4408","purpose_intent","Because of this we have problems.","ამის გამო ბევრი პრობლემა გვაქვს.","Logic.","'ამის გამო' means 'because of this'."
"4409","purpose_intent","That's precisely why I came.","სწორედ ამიტომ მოვედი.","Emphasis.","From your list."
"4410","purpose_intent","Consequently, we must go.","აქედან გამომდინარე, უნდა წავიდეთ.","Logic.","N-gram + Obligation."
"4411","purpose_intent","So that everything is fine.","იმისთვის, რომ ყველაფერი კარგად იყოს.","Hope.","Connector + Optative 'is'."
"4412","purpose_intent","Tell me why you need it.","მითხარი, რისთვის გჭირდება.","Inquiry.","'რისთვის' means 'for what/why'."
"4501","conditionals_real","If I have time, I will come.","თუ დრო მექნება, მოვალ.","Future.","'თუ' means 'if'."
"4502","conditionals_real","If you want, let's go.","თუ გინდა, წავიდეთ.","Social.","If + Desire + Let's."
"4503","conditionals_real","If our team wins, we'll celebrate.","თუ ჩვენი გუნდი მოიგებს, ვიზეიმებთ.","Sports.","From your list."
"4504","conditionals_real","If I'm not mistaken, it's so.","თუ არ ვცდები, ეს ასეა.","Politeness.","From your list."
"4505","conditionals_real","If possible, help me.","თუ შეიძლება, დამეხმარეთ.","Request.","From your list."
"4506","conditionals_real","If he doesn't come, I'll leave.","თუ არ მოვა, წავალ.","Future.","If + Future + Future."
"4507","conditionals_real","Even if that were the case.","ეგრეც რომ იყოს.","Hypothetical.","From your list."
"4508","conditionals_real","What will happen if...?","რა მოხდება, თუ...?","Question.","From your list."
"4509","conditionals_real","If I understood correctly...","თუ სწორად გავიგე...","Clarification.","From your list."
"4510","conditionals_real","In the case that...","იმ შემთხვევაში, თუ...","Formal.","From your list."
"4511","conditionals_real","Of course, if you want!","აბა რა, თუ გინდა!","Agreement.","N-gram + Conditional."
"4512","conditionals_real","If it's necessary, I'll do it.","თუ საჭიროა, გავაკეთებ.","Commitment.","'საჭიროა' means 'it is necessary'."
"4601","version_shift_benefactive","I bought this for you.","მე ეს გიყიდე.","Past Favor.","The '-გი-' marker means 'for you'."
"4602","version_shift_benefactive","You bought this for me.","შენ ეს მიყიდე.","Past Favor.","The '-მი-' marker means 'for me'."
"4603","version_shift_benefactive","He bought this for her.","მან ეს მას უყიდა.","Service.","Subject is Ergative (Man)."
"4604","version_shift_benefactive","We bought this for them.","ჩვენ ეს მათ ვუყიდეთ.","Service.","Recipient is Dative (Mat)."
"4605","version_shift_benefactive","You guys bought this for us.","თქვენ ეს ჩვენ გვიყიდეთ.","Service.","The '-გვი-' marker points to 'us'."
"4606","version_shift_benefactive","They bought this for the child.","მათ ეს ბავშვს უყიდეს.","Service.","Recipient (child) takes '-ს'."
"4607","version_shift_benefactive","Giorgi made coffee for Mariam.","გიორგიმ მარიამს ყავა გაუკეთა.","Social.","Subject '-მა' + Recipient '-ს'."
"4608","version_shift_benefactive","I wanted to say thank you to you.","დიდი მადლობა მინდა გადაგიხადოთ.","Politeness.","From your list (includes benefactive marker)."
"4609","version_shift_benefactive","I did this for you.","ეს შენთვის გავაკეთე.","Service.","'შენთვის' means 'for you' (postposition)."
"4610","version_shift_benefactive","Of course I will do it for you.","რა თქმა უნდა, გაგიკეთებ.","Promise.","N-gram + Benefactive Future."
"4611","version_shift_benefactive","I'm not planning anything against you.","ვერაფერს გიპირებ.","Interaction.","The 'გ-' inside shows interaction with 'you'."
"4612","version_shift_benefactive","I will return it to you.","დაგიბრუნებ.","Interaction.","'დაგიბრუნებ' means 'I will return to you'."
"4701","motion_advanced_directional","I am going up.","მე მაღლა ავდივარ.","Vertical.","'ა-' prefix means 'up'."
"4702","motion_advanced_directional","You are going down.","შენ დაბლა ჩადიხარ.","Vertical.","'ჩა-' prefix means 'down'."
"4703","motion_advanced_directional","He is returning home.","ის სახლში ბრუნდება.","Return.","'ბრუნდება' means 'is returning'."
"4704","motion_advanced_directional","We are going up the stairs.","ჩვენ კიბეზე ავდივართ.","Movement.","'კიბე' means 'stairs'."
"4705","motion_advanced_directional","When are you guys returning?","თქვენ როდის ბრუნდებით?","Question.","Plural 'you' form."
"4706","motion_advanced_directional","They are coming down.","ისინი ჩამოდიან.","Vertical.","'ჩამო-' means 'downward toward'."
"4707","motion_advanced_directional","When did you arrive [down here]?","როდის ჩამოხვედი?","Question.","From your list."
"4708","motion_advanced_directional","He came back.","უკან მოვიდა.","Arrival.","'უკან' means 'back'."
"4709","motion_advanced_directional","My heart went down [disappointed].","გული დამწყდა.","Idiom.","From your list."
"4710","motion_advanced_directional","Go up!","მაღლა ადი!","Command.","Imperative vertical."
"4711","motion_advanced_directional","Pass through.","ჩაიარე.","Movement.","From your list (down/past)."
"4712","motion_advanced_directional","We returned.","დავბრუნდით.","Status.","Aorist return."
"4801","success_managing","I managed it.","მე მოვახერხე.","Achievement.","Subject is NOM in Aorist (irregular)."
"4802","success_managing","Did you manage to come?","შენ მოახერხე მოსვლა?","Question.","Verbal noun 'მოსვლა' is the object."
"4803","success_managing","He managed to do it.","მან გაკეთება მოახერხა.","Achievement.","Subject is Ergative (Man)."
"4804","success_managing","We managed everything.","ჩვენ ყველაფერი მოვახერხეთ.","Achievement.","'ყველაფერი' is Nominative object here."
"4805","success_managing","Were you guys able to do this?","თქვენ ამის გაკეთება შეძელით?","Question.","'შეძელით' is the past of 'can'."
"4806","success_managing","They couldn't manage it.","მათ ვერ მოახერხეს.","Failure.","'მათ' is Ergative subject."
"4807","success_managing","It wasn't possible to save him.","მისი გადარჩენა ვერ მოხერხდა.","Tragedy.","From your list."
"4808","success_managing","I'll manage it somehow.","როგორმე მოვახერხებ.","Optimism.","From your list."
"4809","success_managing","Finally I was able to.","ბოლოს და ბოლოს, შევძელი.","Success.","N-gram + Succeeded."
"4810","success_managing","Of course he'll manage it.","რა თქმა უნდა, მოახერხებს.","Confidence.","N-gram + Future Success."
"4811","success_managing","I couldn't manage by any means.","ვერაფრით ვერ მოვახერხე.","Failure.","'ვერაფრით' means 'by no means'."
"4812","success_managing","How did you manage this?","ეს როგორ მოახერხე?","Inquiry.","'როგორ' means 'how'."
"4901","passive_state_result","This is done.","ეს გაკეთებულია.","State.","Participle ends in '-ულია'."
"4902","passive_state_result","The shop is closed.","მაღაზია დაკეტილია.","State.","'დაკეტილი' means 'closed'."
"4903","passive_state_result","The door is open.","კარი ღიაა.","State.","'ღია' means 'open'."
"4904","passive_state_result","Dinner is ready.","სადილი მზად არის.","State.","'მზად' means 'ready'."
"4905","passive_state_result","The wine is finished/drunk.","ღვინო დალეულია.","Result.","'დალეული' means 'drunk up'."
"4906","passive_state_result","Everything is said.","ყველაფერი ნათქვამია.","Conclusion.","'ნათქვამი' means 'said'."
"4907","passive_state_result","That says it all.","ამით ყველაფერი ნათქვამია.","Idiom.","From your list."
"4908","passive_state_result","It is written.","დაწერილია.","State.","'დაწერილი' means 'written'."
"4909","passive_state_result","I am certain.","დარწმუნებული ვარ.","State.","From your list (convinced/sure)."
"4910","passive_state_result","It's not even surprising.","გასაკვირიც არ არის.","Opinion.","From your list."
"4911","passive_state_result","I have heard of it.","გაგონილი მაქვს.","Experience.","Passive participle + Possession."
"4912","passive_state_result","This is already decided.","ეს უკვე გადაწყვეტილია.","Status.","'გადაწყვეტილი' means 'decided'."
"5001","general_relative_finale","Whatever happens.","რაც არ უნდა მოხდეს.","Logic.","From your list."
"5002","general_relative_finale","Whoever it may be.","ვინც არ უნდა იყოს.","Logic.","From your list."
"5003","general_relative_finale","Wherever you may go.","სადაც არ უნდა წახვიდე.","Travel.","'სადაც' means 'wherever'."
"5004","general_relative_finale","However I may say it.","როგორც არ უნდა ვთქვა.","Speech.","'როგორც' means 'as/however'."
"5005","general_relative_finale","No matter how surprising.","რაც არ უნდა გასაკვირი იყოს.","Emphasis.","From your list."
"5006","general_relative_finale","Whatever happens, I am here.","რაც არ უნდა მოხდეს, მე აქ ვარ.","Commitment.","Complex frame."
"5007","general_relative_finale","Whatever it may be like.","როგორიც არ უნდა იყოს.","Identity.","From your list."
"5008","general_relative_finale","With all the might I have.","რაც ძალი და ღონე მაქვს.","Emphasis.","From your list."
"5009","general_relative_finale","As soon as possible.","რაც შეიძლება მალე.","Urgency.","From your list."
"5010","general_relative_finale","Most importantly...","რაც მთავარია...","Transition.","From your list."
"5011","general_relative_finale","It is what it is.","რაც არის, არის.","Philosophy.","From your list."
"5012","general_relative_finale","Once upon a time.","იყო და არა იყო რა.","Storytelling.","From your list."
