word_key,key,img_key,EnglishWord,PartOfSpeech,GeorgianWord,hint,priority,group,ExampleEnglish1,ExampleGeorgian1
do,do_p1s_pres,do,I do,verb-p1s,ვაკეთებ,present,2,verbs,I do my homework every evening,მე ყოველ საღამოს ვაკეთებ დავალებას
do,do_p2s_pres,do,You do,verb-p2s,აკეთებ,present,2,verbs,You do the dishes after dinner,შენ ვახშმის შემდეგ აკეთებ ჭურჭელს
do,do_p3s_pres,do,He/She does,verb-p3s,აკეთებს,present,2,verbs,He does sports on weekends,ის შაბათ-კვირას აკეთებს სპორტს
do,do_p1p_pres,do,We do,verb-p1p,ვაკეთებთ,present,2,verbs,We do coffee together in the morning,ჩვენ დილით ერთად ვაკეთებთ ყავას
do,do_p3p_pres,do,They do,verb-p3p,აკეთებენ,present,2,verbs,They do important jobs at the office,ისინი ოფისში მნიშვნელოვან საქმეებს აკეთებენ
do,do_p1s_past,do,I did,verb-p1s,გავაკეთე,past,2,verbs,I did all the shopping yesterday,მე გუშინ ყველა საყიდლები გავაკეთე
do,do_p2s_past,do,You did,verb-p2s,გააკეთე,past,2,verbs,You did the cooking for the whole family,შენ მთელი ოჯახისათვის გააკეთე საჭმელი
do,do_p3s_past,do,He/She did,verb-p3s,გააკეთა,past,2,verbs,She did the cleaning very carefully,მან ძალიან ყურადღებით გააკეთა დასუფთავება
do,do_p1p_past,do,We did,verb-p1p,გავაკეთეთ,past,2,verbs,We did our homework on time,ჩვენ დროზე გავაკეთეთ დავალება
do,do_p3p_past,do,They did,verb-p3p,გააკეთეს,past,2,verbs,They did hard work in the garden,მათ ბაღში მძიმე საქმე გააკეთეს
do,do_p1s_fut,do,I will do,verb-p1s,გავაკეთებ,future,2,verbs,I will do the laundry tomorrow,მე ხვალ გავაკეთებ სარეცხს
do,do_p2s_fut,do,You will do,verb-p2s,გააკეთებ,future,2,verbs,You will do the project next week,შენ მომავალ კვირას გააკეთებ პროექტს
do,do_p3s_fut,do,He/She will do,verb-p3s,გააკეთებს,future,2,verbs,He will do the repair of the car,ის მანქანის შეკეთებას გააკეთებს
do,do_p1p_fut,do,We will do,verb-p1p,გავაკეთებთ,future,2,verbs,We will do a big party for friends,ჩვენ მეგობრებისთვის დიდ წვეულებას გავაკეთებთ
do,do_p3p_fut,do,They will do,verb-p3p,გააკეთებენ,future,2,verbs,They will do the job together,ისინი ერთად გააკეთებენ საქმეს
go,go_p1s_past,go,I went,verb-p1s,წავედი,past,2,verbs,I went to school in the morning,მე დილით სკოლაში წავედი
go,go_p2s_past,go,You went,verb-p2s,წახვედი,past,2,verbs,You went to church on Sunday,შენ კვირას ეკლესიაში წახვედი
go,go_p3s_past,go,He/She went,verb-p3s,წავიდა,past,2,verbs,He went to the market to buy fruit,ის წავიდა ბაზარში ხილის საყიდლად
go,go_p1p_past,go,We went,verb-p1p,წავედით,past,2,verbs,We went to the park after lunch,ჩვენ სადილის შემდეგ პარკში წავედით
go,go_p3p_past,go,They went,verb-p3p,წავიდნენ,past,2,verbs,They went home very late,ისინი ძალიან გვიან წავიდნენ სახლში
go,go_p1s_fut,go,I will go,verb-p1s,წავალ,future,2,verbs,I will go to the shop tomorrow,მე ხვალ მაღაზიაში წავალ
go,go_p2s_fut,go,You will go,verb-p2s,წახვალ,future,2,verbs,You will go to the beach in summer,შენ ზაფხულში ზღვაზე წახვალ
go,go_p3s_fut,go,He/She will go,verb-p3s,წავა,future,2,verbs,She will go to the café with friends,ის მეგობრებთან ერთად წავა კაფეში
go,go_p1p_fut,go,We will go,verb-p1p,წავალთ,future,2,verbs,We will go to the cinema tonight,ჩვენ დღეს საღამოს კინოში წავალთ
go,go_p3p_fut,go,They will go,verb-p3p,წავლენ,future,2,verbs,They will go to the mountains soon,ისინი მალე მთებში წავლენ
come,come_p1s_past,come,I came,verb-p1s,მოვედი,past,2,verbs,I came home very tired,მე სახლში ძალიან დაღლილი მოვედი
come,come_p2s_past,come,You came,verb-p2s,მოხვედი,past,2,verbs,You came to the station on time,შენ სადგურში დროზე მოხვედი
come,come_p3s_past,come,He/She came,verb-p3s,მოვიდა,past,2,verbs,He came to class early,ის ადრე მოვიდა კლასში
come,come_p1p_past,come,We came,verb-p1p,მოვედით,past,2,verbs,We came to the party together,ჩვენ ერთად მოვედით წვეულებაზე
come,come_p3p_past,come,They came,verb-p3p,მოვიდნენ,past,2,verbs,They came home very late,ისინი ძალიან გვიან მოვიდნენ სახლში
come,come_p1s_fut,come,I will come,verb-p1s,მოვალ,future,2,verbs,I will come tomorrow in the morning,მე ხვალ დილით მოვალ
come,come_p2s_fut,come,You will come,verb-p2s,მოხვალ,future,2,verbs,You will come to the café later,შენ მერე მოხვალ კაფეში
come,come_p3s_fut,come,He/She will come,verb-p3s,მოვა,future,2,verbs,He will come to the meeting soon,ის მალე მოვა შეხვედრაზე
come,come_p1p_fut,come,We will come,verb-p1p,მოვალთ,future,2,verbs,We will come to church together,ჩვენ ერთად მოვალთ ეკლესიაში
come,come_p3p_fut,come,They will come,verb-p3p,მოვლენ,future,2,verbs,They will come soon in the evening,ისინი საღამოს მალე მოვლენ
have_inanimate,have_inanimate_p1s_past,have_inanimate,I had,verb-p1s,მე მქონდა,past,2,verbs,I had a new car last year,მე შარშან ახალი მანქანა მქონდა
have_inanimate,have_inanimate_p2s_past,have_inanimate,You had,verb-p2s,შენ გქონდა,past,2,verbs,You had a big bag with you,შენ დიდი ჩანთა გქონდა
have_inanimate,have_inanimate_p3s_past,have_inanimate,He/She had,verb-p3s,მას ჰქონდა,past,2,verbs,She had a very interesting book,მას ძალიან საინტერესო წიგნი ჰქონდა
have_inanimate,have_inanimate_p1p_past,have_inanimate,We had,verb-p1p,ჩვენ გვქონდა,past,2,verbs,We had a clear plan for the trip,ჩვენ მოგზაურობისთვის მკაფიო გეგმა გვქონდა
have_inanimate,have_inanimate_p2p_past,have_inanimate,You (pl) had,verb-p2p,თქვენ გქონდათ,past,2,verbs,You had tickets for the concert,თქვენ კონცერტის ბილეთები გქონდათ
have_inanimate,have_inanimate_p3p_past,have_inanimate,They had,verb-p3p,მათ ჰქონდათ,past,2,verbs,They had two big houses in the city,მათ ქალაქში ორი დიდი სახლი ჰქონდათ
have_inanimate,have_inanimate_p1s_fut,have_inanimate,I will have,verb-p1s,მე მექნება,future,2,verbs,I will have time to help you tomorrow,მე ხვალ გიშველო დრო მექნება
have_inanimate,have_inanimate_p2s_fut,have_inanimate,You will have,verb-p2s,შენ გექნება,future,2,verbs,You will have enough money soon,შენ მალე საკმარისი ფული გექნება
have_inanimate,have_inanimate_p3s_fut,have_inanimate,He/She will have,verb-p3s,მას ექნება,future,2,verbs,He will have a private room,მას პირადი ოთახი ექნება
have_inanimate,have_inanimate_p1p_fut,have_inanimate,We will have,verb-p1p,ჩვენ გვექნება,future,2,verbs,We will have delicious food at the party,ჩვენ წვეულებაზე გემრიელი საჭმელი გვექნება
have_inanimate,have_inanimate_p2p_fut,have_inanimate,You (pl) will have,verb-p2p,თქვენ გექნებათ,future,2,verbs,You will have drinks at the table,თქვენ მაგიდაზე სასმელები გექნებათ
have_inanimate,have_inanimate_p3p_fut,have_inanimate,They will have,verb-p3p,მათ ექნებათ,future,2,verbs,They will have new houses next year,მათ მომავალ წელს ახალი სახლები ექნებათ
have_animate,have_animate_p1s_past,have_animate,I had,verb-p1s,მე მყავდა,past,2,verbs,I had a dog when I was a child,მე ბავშვობაში ძაღლი მყავდა
have_animate,have_animate_p2s_past,have_animate,You had,verb-p2s,შენ გყავდა,past,2,verbs,You had a black cat at home,შენ სახლში შავი კატა გყავდა
have_animate,have_animate_p3s_past,have_animate,He/She had,verb-p3s,მას ჰყავდა,past,2,verbs,He had a very close friend,მას ძალიან ახლო მეგობარი ჰყავდა
have_animate,have_animate_p1p_past,have_animate,We had,verb-p1p,ჩვენ გვყავდა,past,2,verbs,We had good teachers at school,ჩვენ სკოლაში კარგი მასწავლებლები გვყავდა
have_animate,have_animate_p2p_past,have_animate,You (pl) had,verb-p2p,თქვენ გყავდათ,past,2,verbs,You had many guests at the party,თქვენ წვეულებაზე ბევრი სტუმარი გყავდათ
have_animate,have_animate_p3p_past,have_animate,They had,verb-p3p,მათ ჰყავდათ,past,2,verbs,They had three children,მათ სამი ბავშვი ჰყავდათ
have_animate,have_animate_p1s_fut,have_animate,I will have,verb-p1s,მე მეყოლება,future,2,verbs,I will have a son in the future,მე მომავალში შვილი მეყოლება
have_animate,have_animate_p2s_fut,have_animate,You will have,verb-p2s,შენ გეყოლება,future,2,verbs,You will have many friends soon,შენ მალე ბევრი მეგობარი გეყოლება
have_animate,have_animate_p3s_fut,have_animate,He/She will have,verb-p3s,მას ეყოლება,future,2,verbs,She will have a baby next year,მას მომავალ წელს ბავშვი ეყოლება
have_animate,have_animate_p1p_fut,have_animate,We will have,verb-p1p,ჩვენ გვეყოლება,future,2,verbs,We will have important guests tomorrow,ჩვენ ხვალ მნიშვნელოვანი სტუმრები გვეყოლება
have_animate,have_animate_p2p_fut,have_animate,You (pl) will have,verb-p2p,თქვენ გეყოლებათ,future,2,verbs,You will have new workers soon,თქვენ მალე ახალი მუშები გეყოლებათ
have_animate,have_animate_p3p_fut,have_animate,They will have,verb-p3p,მათ ეყოლებათ,future,2,verbs,They will have many friends in the city,მათ ქალაქში ბევრი მეგობარი ეყოლებათ
take,take_p1s_pres,take,I take,verb-p1s,ვიღებ,present,2,verbs,I take a cup of coffee every morning,მე ყოველ დილით ვიღებ ყავას
take,take_p2s_pres,take,You take,verb-p2s,იღებ,present,2,verbs,You take bread from the table,შენ მაგიდიდან იღებ პურს
take,take_p3s_pres,take,He/She takes,verb-p3s,იღებს,present,2,verbs,He takes money from his wallet,ის საფულიდან იღებს ფულს
take,take_p1p_pres,take,We take,verb-p1p,ვიღებთ,present,2,verbs,We take books from the library,ჩვენ ბიბლიოთეკიდან ვიღებთ წიგნებს
take,take_p2p_pres,take,You (pl) take,verb-p2p,იღებთ,present,2,verbs,You take pictures of the city,თქვენ ქალაქის ფოტოებს იღებთ
take,take_p3p_pres,take,They take,verb-p3p,იღებენ,present,2,verbs,They take apples from the basket,ისინი კალათიდან იღებენ ვაშლებს
take,take_p1s_past,take,I took,verb-p1s,ავიღე,past,2,verbs,I took the bread from the shop,მე მაღაზიიდან ავიღე პური
take,take_p2s_past,take,You took,verb-p2s,აიღე,past,2,verbs,You took the keys from the table,შენ მაგიდიდან აიღე გასაღებები
take,take_p3s_past,take,He/She took,verb-p3s,აიღო,past,2,verbs,She took the phone quickly,მან სწრაფად აიღო ტელეფონი
take,take_p1p_past,take,We took,verb-p1p,ავიღეთ,past,2,verbs,We took chairs from the hall,ჩვენ დარბაზიდან ავიღეთ სკამები
take,take_p2p_past,take,You (pl) took,verb-p2p,აიღეთ,past,2,verbs,You took the tickets at the station,თქვენ სადგურში აიღეთ ბილეთები
take,take_p3p_past,take,They took,verb-p3p,აიღეს,past,2,verbs,They took bags from the car,მათ მანქანიდან აიღეს ჩანთები
take,take_p1s_fut,take,I will take,verb-p1s,ავიღებ,future,2,verbs,I will take a taxi tomorrow morning,მე ხვალ დილით ტაქსს ავიღებ
take,take_p2s_fut,take,You will take,verb-p2s,აიღებ,future,2,verbs,You will take a bus to school,შენ სკოლაში ავტობუსს აიღებ
take,take_p3s_fut,take,He/She will take,verb-p3s,აიღებს,future,2,verbs,He will take the new job next month,ის მომავალ თვეში ახალ სამსახურს აიღებს
take,take_p1p_fut,take,We will take,verb-p1p,ავიღებთ,future,2,verbs,We will take books for the exam,ჩვენ გამოცდისთვის წიგნებს ავიღებთ
take,take_p2p_fut,take,You (pl) will take,verb-p2p,აიღებთ,future,2,verbs,You will take orders at the restaurant,თქვენ რესტორანში შეკვეთებს აიღებთ
take,take_p3p_fut,take,They will take,verb-p3p,აიღებენ,future,2,verbs,They will take their seats,ისინი ადგილებს აიღებენ
show,show_p1s_pres,show,I show,verb-p1s,ვაჩვენებ,present,2,verbs,I show the picture to my friend,მე ჩემს მეგობარს ვაჩვენებ სურათს
show,show_p2s_pres,show,You show,verb-p2s,აჩვენებ,present,2,verbs,You show the way to the tourists,შენ ტურისტებს აჩვენებ გზას
show,show_p3s_pres,show,He/She shows,verb-p3s,აჩვენებს,present,2,verbs,He shows a new movie at the cinema,ის კინოში ახალ ფილმს აჩვენებს
show,show_p1p_pres,show,We show,verb-p1p,ვაჩვენებთ,present,2,verbs,We show our house to the guests,ჩვენ სტუმრებს ვაჩვენებთ სახლს
show,show_p2p_pres,show,You (pl) show,verb-p2p,აჩვენებთ,present,2,verbs,You show old photos to children,თქვენ ბავშვებს აჩვენებთ ძველ ფოტოებს
show,show_p3p_pres,show,They show,verb-p3p,აჩვენებენ,present,2,verbs,They show interesting books to students,ისინი სტუდენტებს აჩვენებენ საინტერესო წიგნებს
show,show_p1s_past,show,I showed,verb-p1s,ვაჩვენე,past,2,verbs,I showed the letter to my teacher,მე ჩემს მასწავლებელს ვაჩვენე წერილი
show,show_p2s_past,show,You showed,verb-p2s,აჩვენე,past,2,verbs,You showed the map to your brother,შენ შენს ძმას აჩვენე რუკა
show,show_p3s_past,show,He/She showed,verb-p3s,აჩვენა,past,2,verbs,She showed her dress to her friend,მან თავის მეგობარს აჩვენა კაბა
show,show_p1p_past,show,We showed,verb-p1p,ვაჩვენეთ,past,2,verbs,We showed the project to our boss,ჩვენ ჩვენს უფროსს ვაჩვენეთ პროექტი
show,show_p2p_past,show,You (pl) showed,verb-p2p,აჩვენეთ,past,2,verbs,You showed the tickets to the guard,თქვენ მცველს აჩვენეთ ბილეთები
show,show_p3p_past,show,They showed,verb-p3p,აჩვენეს,past,2,verbs,They showed their photos to the class,მათ კლასს აჩვენეს ფოტოები
show,show_p1s_fut,show,I will show,verb-p1s,ვაჩვენებ,future,2,verbs,I will show the plan tomorrow,მე ხვალ გეგმას ვაჩვენებ
show,show_p2s_fut,show,You will show,verb-p2s,აჩვენებ,future,2,verbs,You will show the place later,შენ მერე ადგილს აჩვენებ
show,show_p3s_fut,show,He/She will show,verb-p3s,აჩვენებს,future,2,verbs,He will show the photo to everyone,ის ყველას ფოტოს აჩვენებს
show,show_p1p_fut,show,We will show,verb-p1p,ვაჩვენებთ,future,2,verbs,We will show our room to the guests,ჩვენ სტუმრებს ოთახს ვაჩვენებთ
show,show_p2p_fut,show,You (pl) will show,verb-p2p,აჩვენებთ,future,2,verbs,You will show the film at school,თქვენ სკოლაში ფილმს აჩვენებთ
show,show_p3p_fut,show,They will show,verb-p3p,აჩვენებენ,future,2,verbs,They will show the city to tourists,ისინი ტურისტებს ქალაქს აჩვენებენ
how_much,how_much,how_much,How much?,question_word,რამდენი?,phrase,2,phrases,How much does this cost?,ეს რამდენი ღირს?
for_example,for_example,for_example,For example,phrase,მაგალითად,phrase,2,phrases,For example, bread is on the table,მაგალითად, პური მაგიდაზეა
in_my_opinion,in_my_opinion,in_my_opinion,In my opinion,phrase,ჩემი აზრით,phrase,2,phrases,In my opinion, this is true,ჩემი აზრით, ეს მართალია
what_does_this_mean,what_does_this_mean,what_does_this_mean,What does this mean?,phrase,რას ნიშნავს ეს?,phrase,2,phrases,What does this mean?,რას ნიშნავს ეს?
repeat_that,repeat_that,repeat_that,Can you repeat that?,phrase,შეგიძლიათ გაიმეოროთ?,phrase,2,phrases,Please repeat again,გაიმეორეთ კიდევ
come_here_formal,come_here_formal,come_here_formal,Come here (formal),verb,მოდით,command,2,phrases,Come here please,მოდით აქ გთხოვთ
help,help,help,Help,noun,დახმარება,object,2,phrases,We need help,ჩვენ გვჭირდება დახმარება
sunrise,sunrise,sunrise,Sunrise,noun,მზის ამოსვლა,nature,2,phrases,Sunrise is beautiful,მზის ამოსვლა ლამაზია
medicine,medicine,medicine,Medicine,noun,წამალი,object,2,things,I need medicine,მჭირდება წამალი
nearby,nearby,nearby,Nearby,adverb,ახლოს,adverb,2,phrases,The shop is nearby,მაღაზია ახლოსაა
backpack,backpack,backpack,Backpack,noun,ზურგჩანთა,object,2,phrases,Backpack is heavy,ზურგჩანთა მძიმეა
repeat_formal,repeat_formal,repeat_formal,Repeat! (formal),verb,გაიმეორეთ!,command,2,phrases,Please repeat the phrase,გთხოვთ გაიმეორეთ ფრაზა
promise,promise,promise,Promise,noun,დაპირება,noun,2,phrases,He always keeps promises,ის ყოველთვის ინახავს დაპირებას
there,there,there,There,adverb,იქ,location,2,phrases,The keys are there,გასაღებები იქ არის
quite,quite,quite,Quite / rather,adverb,საკმაოდ,adverb,2,phrases,The book is quite interesting,ეს წიგნი საკმაოდ საინტერესოა
cash,cash,cash,Cash,noun,ნაღდი ფული,object,2,phrases,She has cash,მას აქვს ნაღდი ფული
theater,theater,theater,Theater,noun,თეატრი,location,2,phrases,The theater opened,თეატრი გაიხსნა
first_aid,first_aid,first_aid,First aid,noun,პირველი დახმარება,health,2,phrases,He gave first aid,მან მისცა პირველი დახმარება
before,before,before,Before (earlier),adverb,ადრე,adverb,2,phrases,I arrived before,მე ადრე მოვედი
angry,angry,angry,Angry,adjective,გაბრაზებული,emotion,2,phrases,He is angry,ის გაბრაზებულია
both,both,both,Both,adjective,ორივე,adjective,2,phrases,Both doors are closed,ორივე კარი დაკეტილია
pizza,pizza,pizza,Pizza,noun,პიცა,food,2,phrases,We ordered pizza,ჩვენ შევუკვეთეთ პიცა
often,often,often,often,adverb,ხშირად,adverb,2,phrases,She often visits us,ის ხშირად გვესტუმრება
news,news,news,News,noun,სიახლე,noun,2,phrases,That is good news,ეს კარგი სიახლეა
wait_formal,wait_formal,wait_formal,Wait (formal),verb,მოიცადეთ,command,2,phrases,Please wait outside,გთხოვთ გარეთ მოიცადეთ
nail,nail,nail,Nail (metal),noun,ლურსმანი,object,2,phrases,The nail is bent,ლურსმანი გადაღუნულია
everyone,everyone,everyone,Everyone,pronoun,ყველა,pronoun,2,phrases,Everyone is here,ყველა აქ არის
closed,closed,closed,Closed,adjective,დახურული,adjective,2,phrases,The closed shop was dark,დახურული მაღაზია ბნელი იყო
and,and,and,And,conjunction,და,phrase,2,phrases,Bread and cheese are ready,პური და ყველი მზადაა
usually,usually,usually,Usually,adverb,ჩვეულებრივ,adverb,2,phrases,We usually eat bread,ჩვეულებრივ ჩვენ პურს ვჭამთ
ice_cream,ice_cream,ice_cream,Ice cream,noun,ნაყინი,food,2,phrases,I love ice cream,მე მიყვარს ნაყინი
also,also,also,Also / too,adverb,ასევე / კიდევაც,adverb,2,phrases,She also sings,ის ასევე მღერის
beard,beard,beard,Beard,noun,წვერი,body,2,phrases,His beard grew,მისი წვერი გაიზარდა
stop_formal,stop_formal,stop_formal,Stop! (formal),verb,გაჩერდით!,command,2,phrases,Please stop here,გაჩერდით აქ გთხოვთ
stop_button,stop_button,stop_button,Stop (button),noun,სტოპ,object,2,phrases,Press stop now,დააჭირე სტოპს
ankle,ankle,ankle,Ankle,noun,კოჭი,body,2,phrases,His ankle swelled,მისი კოჭი გასივდა
mirror,mirror,mirror,Mirror,noun,სარკე,object,2,things,The mirror broke,სარკე დაიმტვრა
soft,soft,soft,Soft,adjective,რბილი,adjective,2,phrases,The bed is soft,საწოლი რბილია
reservation,reservation,reservation,Reservation,noun,დაჯავშნა,travel,2,phrases,I made a reservation,მე დავჯავშნე მაგიდა
hot_body,hot_body,hot_body,Hot (I am hot),phrase,მცხელა,emotion,2,phrases,I am hot,მე მცხელა ახლა
compass,compass,compass,Compass,noun,კომპასი,object,2,phrases,Use the compass,გამოიყენე კომპასი
address,address,address,Address,noun,მისამართი,noun,2,phrases,Write your address here,აქ დაწერე შენი მისამართი
glove,glove,glove,Glove,noun,ხელთათმანი,clothing,2,phrases,I lost one glove,მე დავკარგე ერთი ხელთათმანი
stapler,stapler,stapler,Stapler,noun,სტეპლერი,object,2,phrases,Where is the stapler?,სად არის სტეპლერი
enough,enough,enough,Enough,adjective,საკმარისი,adjective,2,phrases,We have enough money,ჩვენ გვაქვს საკმარისი ფული
i_cant,i_cant,i_cant,I can’t,phrase,არ შემიძლია,phrase,2,phrases,I can’t go today,მე ვერ წავედი დღეს
baggage,baggage,baggage,Baggage,noun,ბარგი,object,2,phrases,The baggage is heavy,ბარგი ძალიან მძიმეა
camera,camera,camera,Camera,noun,კამერა,object,2,phrases,The camera works,კამერა მუშაობს
sunset,sunset,sunset,Sunset,noun,მზის ჩასვლა,nature,2,phrases,Sunset was red,მზის ჩასვლა წითელი იყო
different,different,different,Different,adjective,განსხვავებული,adjective,2,phrases,This idea is different,ეს აზრი განსხვავებულია
side,side,side,Side,noun,მხარე,noun,2,phrases,This is your side,ეს შენი მხარეა
rule,rule,rule,Rule,noun,წესი,noun,2,phrases,This is a new rule,ეს ახალი წესია
listen,listen,listen,Listen,verb,მოუსმინე,command,2,phrases,Listen to me,მოუსმინე მე
same,same,same,Same,adjective,იგივე,adjective,2,phrases,It is the same problem,ეს იგივე პრობლემაა
quantity,quantity,quantity,Quantity,noun,რაოდენობა,noun,2,phrases,They ordered a large quantity,მათ შეუკვეთეს დიდი რაოდენობა
fridge,fridge,fridge,Fridge,noun,მაცივარი,object,2,phrases,Fridge is empty,მაცივარი ცარიელია
somewhere,somewhere,somewhere,Somewhere,adverb,სადღაც,adverb,2,phrases,He went somewhere,ის სადღაც წავიდა
low_battery,low_battery,low_battery,Low battery,phrase,დაბალი დატენვა,tech,2,phrases,The battery is low,ელემენტი დაბალია
exit,exit,exit,Exit,noun,გასასვლელი,noun,2,phrases,Where is the nearest exit?,სად არის ყველაზე ახლო გასასვლელი?
turn_right,turn_right,turn_right,Turn right,verb,მარჯვნივ შეუხვიე,command,2,phrases,Turn right now,ახლა მარჯვნივ შეუხვიე
turn_left,turn_left,turn_left,Turn left,verb,მარცხნივ შეუხვიე,command,2,phrases,Turn left here,აქ მარცხნივ შეუხვიე
on_the_way,on_the_way,on_the_way,On the way,phrase,გზაში,phrase,2,phrases,I am on the way,მე უკვე გზაში ვარ
info,info,info,Info,noun,ინფო,object,2,phrases,I need info,მე მჭირდება ინფო
pause_button,pause_button,pause_button,Pause (button),noun,პაუზა,object,2,phrases,Hit pause now,დააჭირე პაუზას
story,story,story,Story / news,noun,ამბავი,noun,2,phrases,It is an interesting story,ეს საინტერესო ამბავია
business,business,business,Business / matter,noun,საქმე,noun,2,phrases,This is important business,ეს მნიშვნელოვანი საქმეა
up,up,up,Up,adverb,ზემოთ,adverb,2,phrases,Look up now,ახლა ზემოთ შეხედე
hospital,hospital,hospital,Hospital,noun,საავადმყოფო,location,2,phrases,Hospital is big,საავადმყოფო დიდია
washing_machine,washing_machine,washing_machine,Washing machine,noun,სარეცხი მანქანა,object,2,phrases,Washing machine works,სარეცხი მანქანა მუშაობს
culture,culture,culture,Culture,noun,კულტურა,noun,2,phrases,Georgian culture is rich,ქართული კულტურა მდიდარია
smooth,smooth,smooth,Smooth,adjective,გლუვი,adjective,2,phrases,The stone is smooth,ქვა ძალიან გლუვია
around,around,around,Around,adverb,ირგვლივ,adverb,2,phrases,People stood around,ხალხი იდგა ირგვლივ
soap,soap,soap,Soap,noun,საპონი,object,2,things,The soap fell,საპონი ჩამოვარდა
key,key,key,Key,noun,გასაღები,object,2,things,Where is the key?,სად არის გასაღები?
playground,playground,playground,Playground,noun,სათამაშო მოედანი,location,2,phrases,Children fill playground,ბავშვები ავსებენ მოედანს
knife,knife,knife,Knife,noun,დანა,object,2,phrases,The knife is sharp,დანა ბასრია
elbow,elbow,elbow,Elbow,noun,იდაყვი,body,2,phrases,He hurt elbow,მან დაიზიანა იდაყვი
again,again,again,Again,adverb,კიდევ,adverb,2,phrases,Please say it again,გთხოვ კიდევ თქვი
listen_informal,listen_informal,listen_informal,Listen (informal),verb,მომისმინე,command,2,phrases,Listen to me,მომისმინე მე
right_now,right_now,right_now,Right now,phrase,ახლავე,phrase,2,phrases,Do it right now,გააკეთე ეს ახლავე
cold,cold,cold,Cold (object),adjective,ცივი,adjective,2,phrases,The water is cold,წყალი ძალიან ცივია
noise,noise,noise,Noise,noun,ხმაური,noun,2,phrases,The loud noise woke us,ძლიერმა ხმაურმა გაგვაღვიძა
kitchen,kitchen,kitchen,Kitchen,noun,სამზარეულო,location,2,phrases,Kitchen is small,სამზარეულო პატარაა
lock,lock,lock,Lock,noun,ბოქლომი,object,2,phrases,The lock broke,ბოქლომი გატყდა
grapes,grapes,grapes,Grapes,noun,ყურძენი,food,2,phrases,We picked grapes,ჩვენ მოვკრიფეთ ყურძენი
less,less,less,Less,adjective,ნაკლები,adjective,2,phrases,She eats less sugar,ის ნაკლებ შაქარს ჭამს
rope,rope,rope,Rope / string,noun,თოკი,object,2,phrases,Tie it with rope,შეიკარი თოკით
danger,danger,danger,Danger,noun,საფრთხე,abstract,2,phrases,Danger is near,საფრთხე ახლოსაა
history,history,history,History,noun,ისტორია,noun,2,phrases,The city has a long history,ქალაქს გრძელი ისტორია აქვს
writer,writer,writer,Writer,noun,მწერალი,people,2,things,The writer reads,მწერალი კითხულობს
good_luck,good_luck,good_luck,Good luck,phrase,წარმატებებს,phrase,2,phrases,Good luck tomorrow,ხვალ წარმატებებს გისურვებ
socks,socks,socks,Socks,noun,წინდები,object,2,phrases,These socks are dirty,ეს წინდები ბინძურია
toothbrush,toothbrush,toothbrush,Toothbrush,noun,კბილის ჯაგრისი,object,2,phrases,The toothbrush is new,კბილის ჯაგრისი ახალია
wait,wait,wait,Wait,verb,დაიცადე,command,2,phrases,Please wait here,გთხოვ აქ დაიცადე
you_are_welcome,you_are_welcome,you_are_welcome,You’re welcome,phrase,არაფერს,phrase,2,phrases,Thank you – you’re welcome,გმადლობ – არაფერს
tradition,tradition,tradition,Tradition,noun,ტრადიცია,noun,2,phrases,This is an old tradition,ეს ძველი ტრადიციაა
bigger,bigger,bigger,Bigger,adjective,უფრო დიდი,adjective,2,phrases,This room is bigger,ეს ოთახი უფრო დიდია
future,future,future,Future,noun,მომავალი,noun,2,phrases,She hopes for a bright future,ის იმედოვნებს ნათელ მომავალზე
wallet,wallet,wallet,Wallet,noun,საფულე,object,2,things,My wallet is empty,ჩემი საფულე ცარიელია
usage,usage,usage,Usage / application,noun,გამოყენება,noun,2,phrases,Daily phone usage increased,ყოველდღიური ტელეფონის გამოყენება გაიზარდა
tip,tip,tip,Tip,noun,ჩაის ფული,object,2,phrases,Leave the tip,დატოვე ჩაის ფული
vegetable,vegetable,vegetable,Vegetable,noun,ბოსტნეული,food,2,phrases,Vegetables are healthy,ბოსტნეული ჯანსაღია
approximately,approximately,approximately,Approximately,adverb,დაახლოებით,adverb,2,phrases,The house is approximately ten years old,ეს სახლი დაახლოებით ათი წლისაა
or,or,or,Or,conjunction,ან,phrase,2,phrases,Do you want tea or coffee?,გინდა ჩაი თუ ყავა?
gold,gold,gold,Gold,adjective,ოქროსფერი,adjective,2,phrases,Gold ring is mine,ოქროსფერი ბეჭედი ჩემია
plug,plug,plug,Plug,noun,შტეფსელი,object,2,phrases,Insert the plug,ჩადე შტეფსელი
name,name,name,Name,noun,სახელი,noun,2,phrases,What is your name?,რა არის შენი სახელი?
skill,skill,skill,Skill / ability,noun,უნარი,noun,2,phrases,He learned a new skill,მან ისწავლა ახალი უნარი
mute,mute,mute,Mute,noun,დადუმება,tech,2,phrases,Please mute the TV,გთხოვ დადუმე ტელევიზორი
look_formal,look_formal,look_formal,Look / See (formal),verb,ნახეთ,command,2,phrases,Please look here,გთხოვთ აქ ნახეთ
everywhere,everywhere,everywhere,Everywhere,adverb,ყველგან,adverb,2,phrases,I looked everywhere,მე ყველგან ვეძებე
people,people,people,People,noun,ხალხი,people,2,things,Many people came,ბევრი ხალხი მოვიდა
flag,flag,flag,Flag,noun,დროშა,object,2,phrases,Raise the flag,აწიე დროშა
correct,correct,correct,Correct,adjective,სწორია,adjective,2,phrases,Your answer is correct,შენი პასუხი სწორია
garlic,garlic,garlic,Garlic,noun,ნიორი,food,2,phrases,She cut garlic,მან დაჭრა ნიორი
happiness,happiness,happiness,Happiness,noun,ბედნიერება,noun,2,phrases,True happiness lasts forever,ნამდვილი ბედნიერება სამუდამოდ გრძელდება
until,until,until,Until,preposition,მდე,phrase,2,phrases,Wait until tomorrow,დაიცადე ხვალამდე
still,still,still,Still,adverb,ჯერ კიდევ,adverb,2,phrases,I still don’t know,მე ჯერ კიდევ არ ვიცი
smell,smell,smell,Smell / scent,noun,სუნი,abstract,2,phrases,The smell is strong,სუნი ძლიერია
bitter,bitter,bitter,Bitter,adjective,მწარე,adjective,2,phrases,The tea was bitter,ჩაი მწარე იყო
banana,banana,banana,Banana,noun,ბანანი,food,2,phrases,He bought bananas,მან იყიდა ბანანები
tram,tram,tram,Tram,noun,ტრამვაი,object,2,phrases,The tram arrived,ტრამვაი მოვიდა
carefully,carefully,carefully,Carefully,adverb,ყურადღებით,adverb,2,phrases,Listen carefully please,გთხოვ ყურადღებით მოუსმინე
living_room,living_room,living_room,Living room,noun,მისაღები ოთახი,location,2,phrases,Living room is clean,მისაღები ოთახი სუფთაა
look_informal,look_informal,look_informal,Look / See (informal),verb,ნახე,command,2,phrases,Look at this,ნახე ეს
worker,worker,worker,Worker,noun,მუშა,noun,2,phrases,Many workers came early,ბევრი მუშა ადრე მოვიდა
id_card,id_card,id_card,ID card,noun,პირადობის ბარათი,object,2,phrases,I lost my ID,მე დავკარგე პირადობა
hope,hope,hope,Hope,noun,იმედი,noun,2,phrases,There is still hope,ჯერ კიდევ იმედი არის
sink,sink,sink,Sink,noun,ნიჟარა,object,2,phrases,Sink is full,ნიჟარა სავსეა
charging,charging,charging,Charging,noun,დამუხტვა,tech,2,phrases,The phone is charging,ტელეფონი იტენება ახლა
post_office,post_office,post_office,Post office,noun,ფოსტა,location,2,phrases,Post office opened,ფოსტა გაიხსნა
subway,subway,subway,Subway,noun,მეტრო,transport,2,phrases,The subway is full,მეტრო სავსეა
pharmacy,pharmacy,pharmacy,Pharmacy,noun,აფთიაქი,location,2,phrases,Pharmacy is closed,აფთიაქი დახურულია
careful_formal,careful_formal,careful_formal,Be careful! (formal),phrase,ფრთხილად იყავით!,phrase,2,phrases,Please be careful,გთხოვთ ფრთხილად იყავით
suitcase,suitcase,suitcase,Suitcase,noun,ჩემოდანი,object,2,phrases,Open the suitcase,გახსენი ჩემოდანი
tonight,tonight,tonight,Tonight,adverb,დღეს საღამოს,adverb,2,phrases,We will meet tonight,ჩვენ შევხვდებით დღეს საღამოს
notebook,notebook,notebook,Notebook / Exercise book,noun,რვეული,object,2,phrases,I bought a notebook,მე ვიყიდე რვეული
beige,beige,beige,Beige,adjective,ბეჟი,adjective,2,phrases,Beige shoes are nice,ბეჟი ფეხსაცმელი კარგია
document,document,document,Document,noun,საბუთი,noun,2,phrases,Please sign the document,გთხოვ მოაწერე ხელი საბუთს
problem,problem,problem,Problem,noun,პრობლემა,noun,2,phrases,This is a big problem,ეს დიდი პრობლემაა
death,death,death,Death,noun,სიკვდილი,noun,2,phrases,His sudden death shocked us,მისმა მოულოდნელმა სიკვდილმა გაგვაკვირვა
atm,atm,atm,ATM,noun,ბანკომატი,location,2,phrases,ATM is broken,ბანკომატი გაფუჭდა
oven,oven,oven,Oven,noun,ღუმელი,object,2,phrases,The oven is hot,ღუმელი ცხელია
scarf,scarf,scarf,Scarf,noun,შარფი,object,2,phrases,Take the scarf,აიღე შენი შარფი
repeat_informal,repeat_informal,repeat_informal,Repeat! (informal),verb,გაიმეორე!,command,2,phrases,Repeat this word,გაიმეორე ეს სიტყვა
busy,busy,busy,Busy,adjective,დაკავებული,adjective,2,phrases,She is very busy,ის ძალიან დაკავებულია
surprised,surprised,surprised,Surprised,adjective,გაკვირვებული,adjective,2,phrases,He is very surprised,ის ძალიან გაკვირვებულია
wrist,wrist,wrist,Wrist,noun,მაჯა,body,2,phrases,My wrist hurts,ჩემი მაჯა მტკივა
cheers,cheers,cheers,Cheers!,phrase,გაუმარჯოს,phrase,2,phrases,"Cheers, my friends!",გაუმარჯოს მეგობრებო
lake,lake,lake,Lake,noun,ტბა,nature,2,phrases,The lake froze,ტბა გაიყინა
bridge,bridge,bridge,Bridge,noun,ხიდი,location,2,phrases,The bridge fell,ხიდი ჩამოინგრა
pepper,pepper,pepper,Pepper,noun,პილპილი,food,2,phrases,The pepper burns,პილპილი წვავს
mountain,mountain,mountain,Mountain,noun,მთა,nature,2,phrases,We climbed mountain,ჩვენ ავცოცდით მთაზე
river,river,river,River,noun,მდინარე,nature,2,phrases,The river rose,მდინარე ადიდა
nature,nature,nature,Nature,noun,ბუნება,nature,2,things,Nature is beautiful,ბუნება ლამაზია
charger,charger,charger,Charger,noun,დამტენი,object,2,phrases,I need charger,მე მჭირდება დამტენი
simple,simple,simple,Simple / easy,adjective,მარტივი,adjective,2,phrases,The task is simple,ამოცანა მარტივია
taste,taste,taste,Taste / flavor,noun,გემო,abstract,2,phrases,I like this taste,მე მომწონს ეს გემო
recycle,recycle,recycle,Recycle,noun,რეციკლინგი,object,2,phrases,Recycle the paper,გადაამუშავე ქაღალდი
most,most,most,Most / majority,adjective,უმეტესობა,adjective,2,phrases,Most students are tired,უმეტესობა სტუდენტი დაღლილია
snowman,snowman,snowman,Snowman,noun,თოვლის ბაბუა,nature,2,phrases,We built snowman,ჩვენ ავაშენეთ თოვლის ბაბუა
bicycle,bicycle,bicycle,Bicycle,noun,ველოსიპედი,object,2,phrases,I ride bicycle,მე ვატარებ ველოსიპედს
tomato,tomato,tomato,Tomato,noun,პომიდორი,food,2,phrases,Tomatoes are fresh,პომიდვრები ახალია
reason,reason,reason,Reason / cause,noun,მიზეზი,noun,2,phrases,There is no reason,მიზეზი საერთოდ არ არის
seatbelt,seatbelt,seatbelt,Seatbelt,noun,უსაფრთხოების ქამარი,travel,2,phrases,Fasten your seatbelt,მოიხსენი უსაფრთხოების ქამარი
thunder,thunder,thunder,Thunder,noun,ჭექა-ქუხილი,nature,2,phrases,The loud thunder woke me,ძლიერმა ჭექა-ქუხილმა გამაღვიძა
cloud,cloud,cloud,Cloud,noun,ღრუბელი,nature,2,things,A big cloud came,დიდი ღრუბელი მოვიდა
gloves,gloves,gloves,Gloves,noun,ხელთათმანები,object,2,phrases,Where are gloves?,სად არის ხელთათმანები
no_signal,no_signal,no_signal,No signal,phrase,სიგნალი არ არის,tech,2,phrases,There was no signal,სიგნალი არ იყო
movement,movement,movement,Movement / traffic,noun,მოძრაობა,noun,2,phrases,The street movement stopped,ქუჩის მოძრაობა შეწყდა
hammer,hammer,hammer,Hammer,noun,ჩაქუჩი,object,2,phrases,He used a hammer,მან გამოიყენა ჩაქუჩი
through,through,through,Through,preposition,მეშვეობით,phrase,2,phrases,I paid through card,მე ბარათის მეშვეობით გადავიხადე
neighbor,neighbor,neighbor,Neighbor,noun,მეზობელი,noun,2,phrases,My new neighbor came,ჩემი ახალი მეზობელი მოვიდა
gift,gift,gift,Gift,noun,საჩუქარი,object,2,phrases,I got gift,მე მივიღე საჩუქარი
cloudy,cloudy,cloudy,Cloudy,adjective,ღრუბლიანი,weather,2,phrases,The sky is cloudy,ცა ღრუბლიანია
chance,chance,chance,Chance / opportunity,noun,შანსი,noun,2,phrases,You have one chance,შენ გაქვს ერთი შანსი
show_informal,show_informal,show_informal,Show (me)… (informal),verb,მაჩვენე,command,2,phrases,Show me the way,მაჩვენე გზა
jacket,jacket,jacket,Jacket,noun,ქურთუკი,object,2,phrases,Your jacket is warm,შენი ქურთუკი თბილია
laugh,laugh,laugh,Laugh,noun,სიცილი,emotion,2,phrases,Their laugh was loud,მათი სიცილი ხმამაღალი იყო
water_still,water_still,water_still,Water (still),noun,წყალი (უგაზო),food,2,phrases,Still water is cold,უგაზო წყალი ცივია
laptop,laptop,laptop,Laptop,noun,ლეპტოპი,object,2,phrases,Laptop is broken,ლეპტოპი გაფუჭდა
hot,hot,hot,Hot (object),adjective,ცხელი,adjective,2,phrases,The soup is hot,სუპი ძალიან ცხელია
late,late,late,Late,adverb,გვიან,adverb,2,phrases,She arrived late,ის გვიან მივიდა
today,today,today,Today,adverb,დღეს,adverb,2,phrases,Today is very cold,დღეს ძალიან ცივია
jacket,jacket,jacket,Jacket,noun,ქურთუკი,clothing,2,phrases,The jacket was expensive,ქურთუკი ძვირი იყო
tell_informal,tell_informal,tell_informal,Tell (me)… (informal),verb,მითხარი,command,2,phrases,Tell me the truth,მითხარი სიმართლე
clock,clock,clock,Clock,noun,საათი,object,2,phrases,The clock stopped,საათი გაჩერდა დღეს
cucumber,cucumber,cucumber,Cucumber,noun,კიტრი,food,2,phrases,I ate cucumber,მე შევჭამე კიტრი
give_informal,give_informal,give_informal,Give (me)… (informal),verb,მომეცი,command,2,phrases,Give me water,მომეცი წყალი
you_can_formal,you_can_formal,you_can_formal,You can (formal),phrase,შეგიძლიათ,phrase,2,phrases,You can wait here,თქვენ შეგიძლიათ აქ დაიცადოთ
choice,choice,choice,Choice,noun,არჩევანი,noun,2,phrases,That is a good choice,ეს კარგი არჩევანია
nowadays,nowadays,nowadays,Nowadays,adverb,დღესდღეობით,adverb,2,phrases,Nowadays people travel often,დღესდღეობით ხალხი ბევრს მოგზაურობს
slowly,slowly,slowly,Slowly,adverb,ნელა,adverb,2,phrases,Please drive slowly,გთხოვ ნელა იარე
experience,experience,experience,Experience,noun,გამოცდილება,noun,2,phrases,Work gave me good experience,სამუშაომ მომცა კარგი გამოცდილება
empty,empty,empty,Empty,adjective,ცარიელი,adjective,2,phrases,The empty room is cold,ცარიელი ოთახი ცივია
down,down,down,Down,adverb,ქვემოთ,adverb,2,phrases,Go down slowly,ნელა ჩადი ქვემოთ
fork,fork,fork,Fork,noun,ჩანგალი,object,2,phrases,I need fork,მე მჭირდება ჩანგალი
upload,upload,upload,Upload,noun,ატვირთვა,tech,2,phrases,I will upload photos,მე ავიტვირთავ ფოტოებს
enemy,enemy,enemy,Enemy,noun,მტერი,people,2,things,The enemy ran,მტერი გაიქცა
bathroom,bathroom,bathroom,Bathroom,noun,აბაზანა,location,2,phrases,Bathroom is clean,აბაზანა სუფთაა
towel,towel,towel,Towel,noun,პირსახოცი,object,2,things,The towel is wet,პირსახოცი სველია
stop_informal,stop_informal,stop_informal,Stop! (informal),verb,გაჩერდი!,command,2,phrases,Stop right now!,გაჩერდი ახლავე!
beginning,beginning,beginning,Beginning,noun,დასაწყისი,noun,2,phrases,It was a new beginning,ეს ახალი დასაწყისი იყო
faith,faith,faith,Faith / belief,noun,რწმენა,noun,2,phrases,She kept strong faith,მან შეინარჩუნა ძლიერი რწმენა
island,island,island,Island,noun,კუნძული,nature,2,phrases,The island is small,კუნძული პატარაა
rainbow,rainbow,rainbow,Rainbow,noun,ცისარტყელა,nature,2,phrases,Rainbow appeared today,დღეს ცისარტყელა გამოჩნდა
place,place,place,Place / spot,noun,ადგილი,noun,2,phrases,This is a nice place,ეს კარგი ადგილია
afraid,afraid,afraid,Afraid / scared,adjective,შეშინებული,adjective,2,phrases,The little child is afraid,პატარა ბავშვი შეშინებულია
end,end,end,End,noun,დასასრული,noun,2,phrases,At the very end,სულ ბოლოს დასასრულია
cable,cable,cable,Cable,noun,კაბელი,object,2,phrases,The cable burned,კაბელი დაიწვა
hostel,hostel,hostel,Hostel,noun,ჰოსტელი,location,2,phrases,Hostel is cheap,ჰოსტელი იაფია
cafe,cafe,cafe,Cafe,noun,კაფე,location,2,phrases,The cafe is busy,კაფე დაკავებულია
remote_control,remote_control,remote_control,Remote control,noun,პულტი,object,2,phrases,Where is remote?,სად არის პულტი
phone_number,phone_number,phone_number,Phone number,noun,ტელეფონის ნომერი,noun,2,phrases,Give me your phone number,მომეცი შენი ტელეფონის ნომერი
wrong,wrong,wrong,Wrong,adjective,არასწორია,adjective,2,phrases,The address was wrong,მისამართი არასწორი იყო
entrance,entrance,entrance,Entrance,noun,შესასვლელი,noun,2,phrases,This is the main entrance,ეს მთავარი შესასვლელია
scarf,scarf,scarf,Scarf,noun,შარფი,clothing,2,phrases,Her scarf is warm,მისი შარფი თბილია
thermometer,thermometer,thermometer,Thermometer,noun,თერმომეტრი,object,2,phrases,The thermometer fell,თერმომეტრი ჩამოვარდა
more,more,more,More,adjective,მეტი,adjective,2,phrases,I want more bread,მე მინდა მეტი პური
mistake,mistake,mistake,Mistake / error,noun,შეცდომა,abstract,2,phrases,I made a mistake,მე დავუშვი შეცდომა
silver,silver,silver,Silver,adjective,ვერცხლისფერი,adjective,2,phrases,Silver car is fast,ვერცხლისფერი მანქანა სწრაფია
conversation,conversation,conversation,Conversation / talk,noun,საუბარი,noun,2,phrases,We had a short conversation,ჩვენ გვქონდა მოკლე საუბარი
strawberry,strawberry,strawberry,Strawberry,noun,მარწყვი,food,2,phrases,Kids ate strawberries,ბავშვებმა ჭამეს მარწყვი
construction,construction,construction,Construction,noun,მშენებლობა,noun,2,phrases,The big construction finished,დიდი მშენებლობა დასრულდა
burger,burger,burger,Burger,noun,ბურგერი,food,2,phrases,He ate burger,მან შეჭამა ბურგერი
belt,belt,belt,Belt,noun,ქამარი,object,2,phrases,Tighten the belt,მოიჭირე ქამარი
sour,sour,sour,Sour,adjective,მჟავე,adjective,2,phrases,The soup is sour,სუპი მჟავეა
salad,salad,salad,Salad,noun,სალათი,food,2,phrases,We made a salad,ჩვენ გავაკეთეთ სალათი
something,something,something,Something,pronoun,რაღაც,pronoun,2,phrases,I heard something,მე რაღაც გავიგონე
comb,comb,comb,Comb,noun,სავარცხელი,object,2,phrases,The comb broke,სავარცხელი გატყდა
each,each,each,Each,adjective,თითოეული,adjective,2,phrases,Each student spoke,თითოეულმა სტუდენტმა ისაუბრა
early,early,early,Early,adverb,ადრე,adverb,2,phrases,I came early,მე ადრე მოვედი
you_can_informal,you_can_informal,you_can_informal,You can (informal),phrase,გ შეგიძლია,phrase,2,phrases,You can come now,შენ შეგიძლია მოდი
alone,alone,alone,Alone,adverb,მარტო,adverb,2,phrases,He stayed alone,ის მარტო დარჩა
question,question,question,Question,noun,კითხვა,noun,2,phrases,I have one question,მე ერთი კითხვა მაქვს
other,other,other,Other / another,adjective,სხვა,adjective,2,phrases,I met another person,მე შევხვდი სხვა ადამიანს
floor,floor,floor,Floor (building),noun,სართული,noun,2,phrases,We live on the second floor,ჩვენ ვცხოვრობთ მეორე სართულზე
hard,hard,hard,Hard,adjective,მყარი,adjective,2,phrases,The table is hard,მაგიდა მყარია
together,together,together,Together,adverb,ერთად,adverb,2,phrases,We studied together,ჩვენ ერთად ვისწავლეთ
almost,almost,almost,Almost,adverb,თითქმის,adverb,2,phrases,I am almost ready,მე თითქმის მზად ვარ
sorry,sorry,sorry,Sorry,phrase,ბოდიში,phrase,2,phrases,I am sorry now,ახლა ბოდიში მინდა
plate,plate,plate,Plate,noun,თეფში,object,2,phrases,The plate fell,თეფში ჩამოვარდა
goal,goal,goal,Goal / aim,noun,მიზანი,noun,2,phrases,She has a clear goal,მას აქვს გასაგები მიზანი
government,government,government,Government,noun,მთავრობა,noun,2,phrases,The government finally decided,მთავრობამ საბოლოოდ გადაწყვიტა
picture,picture,picture,Picture,noun,სურათი,object,2,things,I like this picture,მე მიყვარს ეს სურათი
passport,passport,passport,Passport,noun,პასპორტი,object,2,phrases,My passport is here,ჩემი პასპორტი აქაა
heavy,heavy,heavy,Heavy,adjective,მძიმე,adjective,2,phrases,The bag was heavy,ჩანთა ძალიან მძიმე იყო
some,some,some,Some / a few,adjective,ზოგიერთი,adjective,2,phrases,Some people are waiting,ზოგიერთი ადამიანი ელოდება
sock,sock,sock,Sock,noun,წინდա,clothing,2,phrases,My sock is dirty,ჩემი წინდა ბინძურია
menu,menu,menu,Menu,noun,მენიუ,object,2,phrases,The menu arrived,მენიუ მოვიდა
listen_formal,listen_formal,listen_formal,Listen (formal),verb,მომისმინეთ,command,2,phrases,Please listen carefully,გთხოვთ ყურადღებით მომისმინეთ
scientist,scientist,scientist,Scientist,noun,მეცნიერი,people,2,things,The scientist works,მეცნიერი მუშაობს
mistake,mistake,mistake,Mistake,noun,შეცდომა,noun,2,phrases,He made a big mistake,მან დაუშვა დიდი შეცდომა
boring,boring,boring,Boring,adjective,მოსაწყენი,adjective,2,phrases,The film is boring today,ფილმი დღეს მოსაწყენია
strange,strange,strange,Strange / weird,adjective,უცნაური,adjective,2,phrases,That story is strange,ეს ამბავი უცნაურია
storm,storm,storm,Storm,noun,ქარიშხალი,nature,2,things,The storm started,ქარიშხალი დაიწყო
broom,broom,broom,Broom,noun,ცოცხი,object,2,phrases,She took the broom,მან აიღო ცოცხი
spicy,spicy,spicy,Spicy / hot,adjective,ცხარე,adjective,2,phrases,The food is spicy,საჭმელი ცხარეა
glue,glue,glue,Glue,noun,წებო,object,2,phrases,The glue dried quickly,წებო სწრაფად გაშრა
bill,bill,bill,Bill / check,noun,ანგარიში,object,2,phrases,Bring the bill,მომიტანე ანგარიში
tell_formal,tell_formal,tell_formal,Tell (me)… (formal),verb,მითხარით,command,2,phrases,Please tell me story,გთხოვთ მითხარით ამბავი
glass_cup,glass_cup,glass_cup,Glass (cup),noun,ჭიქა,object,2,phrases,This glass is full,ეს ჭიქა სავსეა
past,past,past,Past,noun,წარსული,noun,2,phrases,We should forget the past,ჩვენ უნდა დავივიწყოთ წარსული
life,life,life,Life,noun,ცხოვრება,noun,2,phrases,Life in this city is short,ცხოვრება ამ ქალაქში მოკლეა
later,later,later,Later,adverb,მერე,adverb,2,phrases,We will talk later,ჩვენ მერე ვილაპარაკებთ
sunny,sunny,sunny,Sunny,adjective,მზიანი,weather,2,phrases,Today is sunny,დღეს მზიანია
play_button,play_button,play_button,Play (button),noun,პლეი,object,2,phrases,Press play button,დააჭირე პლეის ღილაკს
center,center,center,Center,noun,ცენტრი,noun,2,phrases,We met in the city center,ჩვენ ქალაქის ცენტრში შევხვდით
front_door,front_door,front_door,Front door,noun,წინა კარი,house,2,phrases,Open the front door,გახსენი წინა კარი
main,main,main,Main / chief,adjective,მთავარი,adjective,2,phrases,This is the main reason,ეს მთავარი მიზეზია
hungry,hungry,hungry,Hungry,adjective,მშია,emotion,2,phrases,I am hungry,მე მშია ახლა
palm,palm,palm,Palm,noun,ხელისგული,body,2,phrases,Open your palm,გახსენი ხელისგული
receipt,receipt,receipt,Receipt,noun,ქვითარი,object,2,phrases,I need a receipt,მე მჭირდება ქვითარი
toothpaste,toothpaste,toothpaste,Toothpaste,noun,კბილის პასტა,object,2,phrases,Buy toothpaste today,იყიდე კბილის პასტა დღეს
free_no_cost,free_no_cost,free_no_cost,Free (no cost),adjective,უფასო,adjective,2,phrases,The food was free,საჭმელი უფასო იყო
if,if,if,If,conjunction,თუ,phrase,2,phrases,"If you go, I will come","თუ წახვალ, მე მოვალ"
boots,boots,boots,Boots,noun,ჩექმები,clothing,2,phrases,His boots are wet,მისი ჩექმები სველია
every,every,every,Every / each,adjective,ყოველი,adjective,2,phrases,Every child was happy,ყოველი ბავშვი ბედნიერი იყო
sharp,sharp,sharp,Sharp,adjective,ბასრი,adjective,2,phrases,The knife is sharp,დანა ბასრია
help_formal,help_formal,help_formal,Help me! (formal),verb,დამეხმარეთ!,command,2,phrases,Please help me,გთხოვთ დამეხმარეთ
watermelon,watermelon,watermelon,Watermelon,noun,საზამთრო,food,2,phrases,Watermelon is sweet,საზამთრო ტკბილია
someone,someone,someone,Someone,pronoun,ვიღაცა,pronoun,2,phrases,Someone knocked loudly,ვიღაცამ კარზე დააკაკუნა
opportunity,opportunity,opportunity,Opportunity,noun,საშუალება,noun,2,phrases,It is a good opportunity,ეს კარგი საშუალებაა
smile,smile,smile,Smile,noun,ღიმილი,emotion,2,phrases,Her smile is nice,მისი ღიმილი კარგია
spoon,spoon,spoon,Spoon,noun,კოვზი,object,2,phrases,Give me spoon,მომეცი კოვზი
far,far,far,Far,adverb,შორს,adverb,2,phrases,The station is far,სადგური შორსაა
volume,volume,volume,Volume,noun,ხმა,tech,2,phrases,Turn up the volume,გააზარდე ხმა
qr_code,qr_code,qr_code,QR code,noun,QR კოდი,tech,2,phrases,Scan the QR code,დაასკანერე QR კოდი
law,law,law,Law,noun,კანონი,noun,2,phrases,The law recently changed,კანონი ახლახან შეიცვალა
no_problem,no_problem,no_problem,No problem,phrase,პრობლემა არაა,phrase,2,phrases,"No problem, my friend",პრობლემა არაა მეგობარო
way,way,way,Way / road,noun,გზა,noun,2,phrases,The long road was empty,გრძელი გზა ცარიელი იყო
gas_station,gas_station,gas_station,Gas station,noun,ბენზინგასამართი სადგური,location,2,phrases,The gas station closed,ბენზინგასამართი სადგური დაიკეტა
wifi_password,wifi_password,wifi_password,Wi-Fi password,noun,ვაი-ფაის პაროლი,tech,2,phrases,Give me Wi-Fi password,მომეცი ვაი-ფაის პაროლი
answer,answer,answer,Answer,noun,პასუხი,noun,2,phrases,Please give an answer,გთხოვ მომეცი პასუხი
change,change,change,Change,noun,ცვლილება,noun,2,phrases,The big change surprised us,დიდმა ცვლილებამ გაგვაკვირვა
socket,socket,socket,Socket,noun,როზეტა,object,2,phrases,The socket broke,როზეტა გატყდა
doorbell,doorbell,doorbell,Doorbell,noun,ზარი,object,2,phrases,Ring the doorbell,დაარეკე ზარი
lie,lie,lie,Lie,noun,ტყუილი,noun,2,phrases,That was a big lie,ეს დიდი ტყუილი იყო
relationship,relationship,relationship,Relationship,noun,ურთიერთობა,noun,2,phrases,They have a close relationship,მათ აქვთ მჭიდრო ურთიერთობა
come_here_informal,come_here_informal,come_here_informal,Come here (informal),verb,მოდი,command,2,phrases,Come here quickly,მოდი აქ სწრაფად
cry,cry,cry,Cry,noun,ტირილი,emotion,2,phrases,The baby cried,ბავშვი ტირილი დაიწყო
careful_informal,careful_informal,careful_informal,Be careful! (informal),phrase,ფრთხილად იყავი!,phrase,2,phrases,Be careful now,ფრთხილად იყავი ახლა
nowhere,nowhere,nowhere,Nowhere,adverb,არსად,adverb,2,phrases,I found it nowhere,მე არსად ვიპოვე
nothing,nothing,nothing,Nothing,pronoun,არაფერი,pronoun,2,phrases,Nothing happened today,არაფერი მოხდა დღეს
meeting,meeting,meeting,Meeting,noun,შეხვედრა,noun,2,phrases,The work meeting was long,სამუშაო შეხვედრა გრძელი იყო
part,part,part,Part / piece,noun,ნაწილი,noun,2,phrases,This is a big part,ეს დიდი ნაწილია
bring_informal,bring_informal,bring_informal,Bring (me)… (informal),verb,მომიტანე,command,2,phrases,Bring me bread,მომიტანე პური
feeling,feeling,feeling,Feeling,noun,გრძნობა,noun,2,phrases,I had a strange feeling,მე მქონდა უცნაური გრძნობა
balloon,balloon,balloon,Balloon,noun,ბუშტი,object,2,phrases,The balloon popped,ბუშტი გასკდა
warning_sign,warning_sign,warning_sign,Warning sign,noun,გაფრთხილების სამკუთხედი,object,2,phrases,The warning sign fell,გაფრთხილების სამკუთხედი ჩამოვარდა
look,look,look,Look,verb,შეხედე,command,2,phrases,Look at me,შეხედე მე
decision,decision,decision,Decision,noun,გადაწყვეტილება,noun,2,phrases,It was a final decision,ეს საბოლოო გადაწყვეტილება იყო
world,world,world,World,noun,მსოფლიო,noun,2,things,The world is big,მსოფლიო დიდია
army,army,army,Army,noun,ჯარი,people,2,things,The army marched,ჯარი დაიძრა
guest,guest,guest,Guest,noun,სტუმარი,people,2,things,A guest arrived,სტუმარი მოვიდა
potato,potato,potato,Potato,noun,კარტოფილი,food,2,phrases,I peeled potato,მე გავფცქვენი კარტოფილი
soon,soon,soon,Soon,adverb,მალე,adverb,2,phrases,We will leave soon,ჩვენ მალე წავალთ
open,open,open,Open,adjective,ღია,adjective,2,phrases,The shop is open now,მაღაზია ახლა ღიაა
sweet,sweet,sweet,Sweet,adjective,ტკბილი,adjective,2,phrases,The cake is sweet,ნამცხვარი ტკბილია
result,result,result,Result / outcome,noun,შედეგი,noun,2,phrases,The good result surprised him,კარგმა შედეგმა ის გააკვირვა
glasses,glasses,glasses,Glasses,noun,სათვალე,object,2,phrases,My glasses broke,ჩემი სათვალე გატყდა
i_disagree,i_disagree,i_disagree,I disagree,phrase,არ ვეთანხმები,phrase,2,phrases,I disagree with this,მე არ ვეთანხმები ამას
onion,onion,onion,Onion,noun,ხახვი,food,2,phrases,The onion fell,ხახვი ჩამოვარდა
envelope,envelope,envelope,Envelope,noun,კონვერტი,object,2,phrases,The envelope is empty,კონვერტი ცარიელია
back_door,back_door,back_door,Back door,noun,უკანა კარი,house,2,phrases,Close the back door,დახურე უკანა კარი
rug,rug,rug,Rug / Carpet,noun,ხალიჩა,object,2,phrases,The rug is dirty,ხალიჩა ბინძურია
without,without,without,Without,preposition,გარეშე,phrase,2,phrases,He left without money,ის წავიდა ფულის გარეშე
i_need,i_need,i_need,I need,phrase,მჭირდება,phrase,2,phrases,I need water,მე მჭირდება წყალი
thing,thing,thing,Thing,noun,რაღაცა,noun,2,phrases,I heard something,მე რაღაცა მოვისმინე
come,come,come,Come,verb,მოდი,command,2,phrases,Come with me,მოდი ჩემთან
stairs,stairs,stairs,Stairs / ladder,noun,კიბე,object,2,things,The stairs are high,კიბე მაღალია
sure,sure,sure,Sure / certain,adjective,დარწმუნებული,adjective,2,phrases,I am completely sure,მე სრულიად დარწმუნებული ვარ
stop,stop,stop,Stop,verb,გაჩერდი,command,2,phrases,Stop right now,ახლავე გაჩერდი
possibility,possibility,possibility,Possibility,noun,შესაძლებლობა,noun,2,phrases,There is a good possibility,არსებობს კარგი შესაძლებლობა
straight_ahead,straight_ahead,straight_ahead,Straight ahead,phrase,პირდაპირ იარე,command,2,phrases,Go straight ahead,პირდაპირ იარე ახლა
belt,belt,belt,Belt,noun,ქამარი,clothing,2,phrases,Tighten your belt,შენი ქამარი მოუჭირე
duty,duty,duty,Duty / obligation,noun,მოვალეობა,abstract,2,phrases,This is our duty,ეს ჩვენი მოვალეობაა
i_have_question,i_have_question,i_have_question,I have a question,phrase,კითხვა მაქვს,phrase,2,phrases,I have one question,ერთი კითხვა მაქვს
arrow_left,arrow_left,arrow_left,Arrow (left),noun,ისარი მარცხნივ,object,2,phrases,Arrow points left,ისარი მარცხნივ მიუთითებს
bottle,bottle,bottle,Bottle,noun,ბოთლი,object,2,phrases,The bottle broke,ბოთლი გატყდა
education,education,education,Education,noun,განათლება,noun,2,phrases,Every child needs education,ყოველ ბავშვს სჭირდება განათლება
hotel,hotel,hotel,Hotel,noun,სასტუმრო,location,2,phrases,Our hotel is nice,ჩვენი სასტუმრო კარგია
swimsuit,swimsuit,swimsuit,Swimsuit,noun,საცურაო კოსტუმი,clothing,2,phrases,She bought swimsuit,მან იყიდა საცურაო კოსტუმი
ferry,ferry,ferry,Ferry,noun,ბორანი,object,2,phrases,Ferry is full,ბორანი სავსეა
information,information,information,Information,noun,ინფორმაცია,noun,2,phrases,This is important information,ეს მნიშვნელოვანი ინფორმაციაა
smaller,smaller,smaller,Smaller,adjective,უფრო პატარა,adjective,2,phrases,The house is smaller,სახლი უფრო პატარაა
light_weight,light_weight,light_weight,Light (weight),adjective,მსუბუქი,adjective,2,phrases,The box is light,ყუთი მსუბუქია
cold_body,cold_body,cold_body,Cold (I am cold),phrase,მცივა,emotion,2,phrases,I am cold,მე მცივა ძალიან
trash_can,trash_can,trash_can,Trash can,noun,ნაგვის ურნა,object,2,phrases,Empty the trash can,დააცარიელე ნაგვის ურნა
napkin,napkin,napkin,Napkin,noun,სახოცი,object,2,phrases,Napkin is dirty,სახოცი ბინძურია
rough,rough,rough,Rough,adjective,უხეში,adjective,2,phrases,The wall was rough,კედელი უხეში იყო
phone,phone,phone,Phone,noun,ტელეფონი,object,2,phrases,My phone rang,ჩემი ტელეფონი რეკავდა
habit,habit,habit,Habit,noun,ჩვევა,noun,2,phrases,Smoking is a bad habit,მოწევა ცუდი ჩვევაა
bedroom,bedroom,bedroom,Bedroom,noun,საძინებელი,location,2,phrases,Bedroom is dark,საძინებელი ბნელია
warning,warning,warning,Warning,noun,გაფრთხილება,object,2,phrases,He gave warning,მან მისცა გაფრთხილება
quality,quality,quality,Quality,noun,ხარისხი,noun,2,phrases,The wine has high quality,ღვინოს აქვს მაღალი ხარისხი
bring_formal,bring_formal,bring_formal,Bring (me)… (formal),verb,მომიტანეთ,command,2,phrases,Please bring the book,გთხოვთ მომიტანეთ წიგნი
bakery,bakery,bakery,Bakery,noun,საცხობი,location,2,phrases,The bakery smells good,საცხობი სურნელოვანია
bored,bored,bored,Bored,adjective,მოწყენილი,emotion,2,phrases,I am bored,მე მოწყენილი ვარ
calendar,calendar,calendar,Calendar,noun,კალენდარი,object,2,phrases,Check the calendar,შეამოწმე კალენდარი
where_are_you,where_are_you,where_are_you,Where are you?,phrase,სად ხარ?,phrase,2,phrases,Where are you now?,სად ხარ ახლა?
no_smoking,no_smoking,no_smoking,No smoking,phrase,მოწევა აკრძალულია,phrase,2,phrases,No smoking here,აქ მოწევა აკრძალულია
button,button,button,Button (clothes),noun,ღილი,object,2,phrases,The button came off,ღილი ჩამოვარდა
freedom,freedom,freedom,Freedom,noun,თავისუფლება,noun,2,phrases,People love freedom,ხალხს უყვარს თავისუფლება
parking,parking,parking,Parking,noun,სადგომი,location,2,phrases,Parking is free,სადგომი უფასოა
show_formal,show_formal,show_formal,Show (me)… (formal),verb,მაჩვენეთ,command,2,phrases,Please show me document,გთხოვთ მაჩვენეთ საბუთი
perfume,perfume,perfume,Perfume / Cologne,noun,სუნამო,object,2,phrases,This perfume smells good,ეს სუნამო კარგია
teacher,teacher,teacher,Teacher,noun,მასწავლებელი,noun,2,phrases,Our teacher came today,ჩვენი მასწავლებელი დღეს მოვიდა
taxi,taxi,taxi,Taxi,noun,ტაქსი,transport,2,phrases,I will call a taxi,მე გამოვიძახებ ტაქსს
coins,coins,coins,Coins,noun,ხურდა,object,2,phrases,Give me coins,მომეცი ცოტა ხურდა
i_agree,i_agree,i_agree,I agree,phrase,ვეთანხმები,phrase,2,phrases,I agree with you,მე ვეთანხმები შენ
you_need,you_need,you_need,You need,phrase,გჭირდება,phrase,2,phrases,You need rest,შენ გჭირდება დასვენება
shower,shower,shower,Shower,noun,შხაპი,object,2,phrases,Take a shower,მიიღე შხაპი
forest,forest,forest,Forest,noun,ტყე,nature,2,phrases,The forest burned,ტყე დაიწვა
purple,purple,purple,Purple,adjective,იასამნისფერი,adjective,2,phrases,Purple dress arrived,იასამნისფერი კაბა მოვიდა
motorcycle,motorcycle,motorcycle,Motorcycle,noun,მოტოციკლი,object,2,phrases,Motorcycle is fast,მოტოციკლი სწრაფია
i_can,i_can,i_can,I can,phrase,შემიძლია,phrase,2,phrases,I can swim,მე შემიძლია ცურვა
work,work,work,Work / job,noun,სამუშაო,noun,2,phrases,I finally found work,მე საბოლოოდ ვიპოვე სამუშაო
thirsty,thirsty,thirsty,Thirsty,adjective,მწყურია,emotion,2,phrases,I am thirsty,მე მწყურია დღეს
success,success,success,Success,noun,წარმატება,abstract,2,phrases,He had big success,მას ჰქონდა დიდი წარმატება
supermarket,supermarket,supermarket,Supermarket,noun,სუპერმარკეტი,location,2,phrases,Supermarket is open,სუპერმარკეტი ღიაა
microwave,microwave,microwave,Microwave,noun,მიკროტალღური ღუმელი,object,2,phrases,Microwave is broken,მიკროტალღური ღუმელი გაფუჭდა
boss,boss,boss,Boss / elder,noun,უფროსი,people,2,things,The boss is here,უფროსი აქ არის
coast,coast,coast,Coast / beach,noun,სანაპირო,nature,2,things,The coast is quiet,სანაპირო წყნარია
free,free,free,Free (not busy),adjective,თავისუფალი,adjective,2,phrases,Are you free now?,ახლა თავისუფალი ხარ?
but,but,but,But,conjunction,მაგრამ,phrase,2,phrases,I want tea but not coffee,მე მინდა ჩაი მაგრამ არა ყავა
fog,fog,fog,Fog,noun,ნისლი,nature,2,things,The fog is thick,ნისლი სქელია
wait_informal,wait_informal,wait_informal,Wait (informal),verb,მოიცა,command,2,phrases,Wait one minute,მოიცა ერთი წუთი
rainy,rainy,rainy,Rainy,adjective,წვიმიანი,weather,2,phrases,The day is rainy,დღე წვიმიანია
box,box,box,Box,noun,ყუთი,object,2,phrases,The box was heavy,ყუთი მძიმე იყო
download,download,download,Download,noun,ჩამოტვირთვა,object,2,phrases,Download the file,ჩამოტვირთე ფაილი
silence,silence,silence,Silence,noun,სიჩუმე,noun,2,phrases,The deep silence was strange,ღრმა სიჩუმე უცნაური იყო
help_informal,help_informal,help_informal,Help me! (informal),verb,დამეხმარე!,command,2,phrases,Help me please,დამეხმარე გთხოვ
elevator,elevator,elevator,Elevator,noun,ლიფტი,object,2,phrases,The elevator stopped,ლიფტი გაჩერდა
we_need,we_need,we_need,We need,phrase,გვჭირდება,phrase,2,phrases,We need help,ჩვენ გვჭირდება დახმარება
order,order,order,Order,noun,შეკვეთა,noun,2,phrases,Please place an order,გთხოვ გააკეთე შეკვეთა
wifi,wifi,wifi,Wi-Fi,noun,ვაი-ფაი,object,2,phrases,The cafe has free Wi-Fi,კაფეს უფასო ვაი-ფაი აქვს
museum,museum,museum,Museum,noun,მუზეუმი,location,2,phrases,Museum is closed,მუზეუმი დაკეტილია
salary,salary,salary,Salary,noun,ხელფასი,noun,2,phrases,He received a good salary,მან მიიღო კარგი ხელფასი
truth,truth,truth,Truth,noun,სიმართლე,noun,2,phrases,Always tell the truth,ყოველთვის თქვი სიმართლე
idea,idea,idea,Idea / thought / opinion,noun,აზრი,noun,2,phrases,That is a good idea,ეს კარგი აზრია
dancer,dancer,dancer,Dancer,noun,მოცეკვავე,noun,2,phrases,The dancer smiled happily,მოცეკვავე ბედნიერად გაიღიმა
because_of,because_of,because_of,Because of,phrase,გამო,phrase,2,phrases,He left because of rain,ის წავიდა წვიმის გამო
interesting,interesting,interesting,Interesting,adjective,საინტერესო,adjective,2,phrases,The story is interesting,ეს ამბავი საინტერესოა
maybe,maybe,maybe,Maybe,adverb,შეიძლება,adverb,2,phrases,Maybe we will go,შეიძლება ჩვენ წავიდეთ
record,record,record,Record,noun,ჩაწერა,object,2,phrases,Start the record,დაიწყე ჩაწერა
curtain,curtain,curtain,Curtain,noun,ფარდა,object,2,phrases,Open the curtain please,გახსენი ფარდა გთხოვ
midnight,midnight,midnight,Midnight,noun,შუაღამე,time,2,phrases,It is midnight,ახლა შუაღამეა
power,power,power,Power / strength,noun,ძალა,noun,2,phrases,Knowledge is great power,ცოდნა დიდი ძალაა
already,already,already,Already,adverb,უკვე,adverb,2,phrases,He has already eaten,მან უკვე ჭამა
now,now,now,Now,adverb,ახლა,adverb,2,phrases,Now I am ready,ახლა მზად ვარ
barcode,barcode,barcode,Barcode,noun,შტრიხკოდი,tech,2,phrases,The barcode was wrong,შტრიხკოდი არასწორი იყო
quickly,quickly,quickly,Quickly,adverb,სწრაფად,adverb,2,phrases,He runs quickly,ის სწრაფად დარბის
go,go,go,Go,verb,წადი,command,2,phrases,Go to school,წადი სკოლაში
water_sparkling,water_sparkling,water_sparkling,Water (sparkling),noun,წყალი (გაზიანი),food,2,phrases,Sparkling water is expensive,გაზიანი წყალი ძვირია
give_formal,give_formal,give_formal,Give (me)… (formal),verb,მომეცით,command,2,phrases,Please give me pen,გთხოვთ მომეცით კალამი
here_you_are,here_you_are,here_you_are,Here you are!,phrase,ინებეთ!,phrase,2,phrases,"Here you are, sir",ინებეთ ბატონო
meaning,meaning,meaning,Meaning / importance,noun,მნიშვნელობა,noun,2,phrases,What’s the real meaning?,რა არის ნამდვილი მნიშვნელობა?
experience,experience,experience,Experience,noun,გამოცდილება,abstract,2,phrases,Work brings experience,სამუშაო მოაქვს გამოცდილება
battery,battery,battery,Battery,noun,ელემენტი,object,2,phrases,The battery is dead,ელემენტი დამჯდარია
any,any,any,Any / whichever,adjective,ნებისმიერი,adjective,2,phrases,Any day is fine,ნებისმიერი დღე კარგია
arrow_right,arrow_right,arrow_right,Arrow (right),noun,ისარი მარჯვნივ,object,2,phrases,Arrow shows right,ისარი მარჯვნივ აჩვენებს
discount,discount,discount,Discount,noun,ფასდაკლება,noun,2,phrases,They gave a big discount,მათ დიდი ფასდაკლება მისცეს
corner,corner,corner,Corner,noun,კუთხე,location,2,phrases,Stand at corner,დადგი კუთხეში
thumb,thumb,thumb,Thumb,noun,ცერა თითი,body,2,phrases,Her thumb broke,მისი ცერა თითი გატყდა
weather,weather,weather,Weather,noun,ამინდი,nature,2,things,The weather is cold,ამინდი ცივია
point,point,point,Point,verb,მიუთითე,command,2,phrases,Point at house,მიუთითე სახლზე
shampoo,shampoo,shampoo,Shampoo,noun,შამპუნი,object,2,phrases,This shampoo smells good,ეს შამპუნი კარგი სუნისაა
fire_extinguisher,fire_extinguisher,fire_extinguisher,Fire extinguisher,noun,ცეცხლმაქრი,object,2,phrases,Use the fire extinguisher,გამოიყენე ცეცხლმაქრი
event,event,event,Event / phenomenon,noun,მოვლენა,abstract,2,phrases,The event was important,მოვლენა მნიშვნელოვანი იყო
illness,illness,illness,Illness,noun,ავადმყოფობა,noun,2,phrases,The serious illness ended,მძიმე ავადმყოფობა დასრულდა
mask,mask,mask,Mask,noun,ნიღაბი,object,2,phrases,Wear the mask,გაიკეთე ნიღაბი
advice,advice,advice,Advice,noun,რჩევა,noun,2,phrases,That was good advice,ეს კარგი რჩევა იყო
tired,tired,tired,Tired,adjective,დაღლილი,adjective,2,phrases,I am very tired,მე ძალიან დაღლილი ვარ
fruit,fruit,fruit,Fruit,noun,ხილი,food,2,phrases,I like fresh fruit,მე მიყვარს ახალი ხილი
umbrella,umbrella,umbrella,Umbrella,noun,ქოლგა,object,2,phrases,Open the umbrella,გახსენი ქოლგა მალე
dull,dull,dull,Dull / blunt,adjective,ბლაგვი,adjective,2,phrases,The scissors are dull,მაკრატელი ბლაგვია
back_body,back_body,back_body,Back (body),noun,ზურგი,body,2,phrases,My back hurts,ჩემი ზურგი მტკივა
useful,useful,useful,Useful,adjective,სასარგებლო,adjective,2,phrases,This book is useful,ეს წიგნი სასარგებლოა
